team,situation,rank,start_frame,end_frame,time,pressers,carrier,outcome,third,lane,path
ATM,counter_press,1,55759,55931,37:10.4,"ATM 2 Gimenez, ATM 4 Gallagher, ATM 8 Barrios, ATM 19 Alvarez",BAR 17 Casado,forced_pass,middle,left,C:\Users\user\Desktop\Football_cv_project\football-pipeline (1)\project\barca_atletico_first_half\new_cache\pressure\team_structure\clips\ATM_counter_press_1_55759.mp4
ATM,counter_press,2,62769,62825,41:50.8,"ATM 5 De Paul, ATM 14 Llorente, ATM 22 Simeone",BAR 16 Fermin,regain_by_presser,middle,right,C:\Users\user\Desktop\Football_cv_project\football-pipeline (1)\project\barca_atletico_first_half\new_cache\pressure\team_structure\clips\ATM_counter_press_2_62769.mp4
ATM,on_defenders,1,23459,23525,15:38.4,"ATM 5 De Paul, ATM 7 Griezmann, ATM 22 Simeone",BAR 2 Cubarsi,forced_pass,middle,centre,C:\Users\user\Desktop\Football_cv_project\football-pipeline (1)\project\barca_atletico_first_half\new_cache\pressure\team_structure\clips\ATM_on_defenders_1_23459.mp4
ATM,on_defenders,2,41136,41173,27:25.4,"ATM 5 De Paul, ATM 19 Alvarez",BAR 5 Inigo,regain_by_presser,middle,right,C:\Users\user\Desktop\Football_cv_project\football-pipeline (1)\project\barca_atletico_first_half\new_cache\pressure\team_structure\clips\ATM_on_defenders_2_41136.mp4
ATM,on_forwards,1,50054,50161,33:22.2,"ATM 5 De Paul, ATM 7 Griezmann, ATM 14 Llorente, ATM 22 Simeone",BAR 16 Fermin,forced_pass,middle,right,C:\Users\user\Desktop\Football_cv_project\football-pipeline (1)\project\barca_atletico_first_half\new_cache\pressure\team_structure\clips\ATM_on_forwards_1_50054.mp4
ATM,on_forwards,2,59658,59768,39:46.3,"ATM 2 Gimenez, ATM 5 De Paul, ATM 8 Barrios, ATM 14 Llorente",BAR 16 Fermin,forced_pass,middle,right,C:\Users\user\Desktop\Football_cv_project\football-pipeline (1)\project\barca_atletico_first_half\new_cache\pressure\team_structure\clips\ATM_on_forwards_2_59658.mp4
ATM,on_goal_kick,1,66175,66209,44:07.0,ATM 7 Griezmann,BAR 5 Inigo,forced_pass,attacking,centre,C:\Users\user\Desktop\Football_cv_project\football-pipeline (1)\project\barca_atletico_first_half\new_cache\pressure\team_structure\clips\ATM_on_goal_kick_1_66175.mp4
ATM,on_goalkeeper,1,12940,12951,08:37.6,ATM 7 Griezmann,BAR 13 Pena,forced_pass,attacking,centre,C:\Users\user\Desktop\Football_cv_project\football-pipeline (1)\project\barca_atletico_first_half\new_cache\pressure\team_structure\clips\ATM_on_goalkeeper_1_12940.mp4
ATM,on_midfielders,1,48656,48718,32:26.2,"ATM 2 Gimenez, ATM 5 De Paul, ATM 7 Griezmann, ATM 8 Barrios, ATM 22 Simeone",BAR 3 Balde,forced_pass,middle,right,C:\Users\user\Desktop\Football_cv_project\football-pipeline (1)\project\barca_atletico_first_half\new_cache\pressure\team_structure\clips\ATM_on_midfielders_1_48656.mp4
ATM,on_midfielders,2,56061,56104,37:22.4,ATM 4 Gallagher,BAR 23 Kounde,regain_by_presser,own,left,C:\Users\user\Desktop\Football_cv_project\football-pipeline (1)\project\barca_atletico_first_half\new_cache\pressure\team_structure\clips\ATM_on_midfielders_2_56061.mp4
BAR,counter_press,1,17128,17221,11:25.1,"BAR 6 Gavi, BAR 9 Lewandowski, BAR 11 Raphinha, BAR 23 Kounde",ATM 4 Gallagher,forced_pass,attacking,right,C:\Users\user\Desktop\Football_cv_project\football-pipeline (1)\project\barca_atletico_first_half\new_cache\pressure\team_structure\clips\BAR_counter_press_1_17128.mp4
BAR,counter_press,2,2803,2875,01:52.1,"BAR 3 Balde, BAR 6 Gavi, BAR 8 Pedri, BAR 9 Lewandowski",ATM 5 De Paul,forced_pass,attacking,left,C:\Users\user\Desktop\Football_cv_project\football-pipeline (1)\project\barca_atletico_first_half\new_cache\pressure\team_structure\clips\BAR_counter_press_2_2803.mp4
BAR,on_defenders,1,67287,67294,44:51.5,BAR 9 Lewandowski,ATM 2 Gimenez,regain_by_teammate,middle,left,C:\Users\user\Desktop\Football_cv_project\football-pipeline (1)\project\barca_atletico_first_half\new_cache\pressure\team_structure\clips\BAR_on_defenders_1_67287.mp4
BAR,on_defenders,2,25395,25450,16:55.8,BAR 16 Fermin,ATM 2 Gimenez,forced_pass,middle,centre,C:\Users\user\Desktop\Football_cv_project\football-pipeline (1)\project\barca_atletico_first_half\new_cache\pressure\team_structure\clips\BAR_on_defenders_2_25395.mp4
BAR,on_forwards,1,62534,62621,41:41.4,"BAR 3 Balde, BAR 8 Pedri, BAR 16 Fermin",ATM 22 Simeone,loose_ball,own,left,C:\Users\user\Desktop\Football_cv_project\football-pipeline (1)\project\barca_atletico_first_half\new_cache\pressure\team_structure\clips\BAR_on_forwards_1_62534.mp4
BAR,on_forwards,2,64626,64675,43:05.0,"BAR 11 Raphinha, BAR 16 Fermin",ATM 4 Gallagher,regain_by_presser,attacking,centre,C:\Users\user\Desktop\Football_cv_project\football-pipeline (1)\project\barca_atletico_first_half\new_cache\pressure\team_structure\clips\BAR_on_forwards_2_64626.mp4
BAR,on_goal_kick,1,37717,37741,25:08.7,BAR 11 Raphinha,ATM 21 Javi Galan,forced_pass,attacking,right,C:\Users\user\Desktop\Football_cv_project\football-pipeline (1)\project\barca_atletico_first_half\new_cache\pressure\team_structure\clips\BAR_on_goal_kick_1_37717.mp4
BAR,on_goal_kick,2,10600,10614,07:04.0,BAR 11 Raphinha,ATM 15 Lenglet,loose_ball,attacking,centre,C:\Users\user\Desktop\Football_cv_project\football-pipeline (1)\project\barca_atletico_first_half\new_cache\pressure\team_structure\clips\BAR_on_goal_kick_2_10600.mp4
BAR,on_goalkeeper,1,13925,13949,09:17.0,BAR 17 Casado,ATM 13 Oblak,regain_by_presser,attacking,centre,C:\Users\user\Desktop\Football_cv_project\football-pipeline (1)\project\barca_atletico_first_half\new_cache\pressure\team_structure\clips\BAR_on_goalkeeper_1_13925.mp4
BAR,on_goalkeeper,2,68372,68402,45:34.9,BAR 11 Raphinha,ATM 13 Oblak,loose_ball,attacking,centre,C:\Users\user\Desktop\Football_cv_project\football-pipeline (1)\project\barca_atletico_first_half\new_cache\pressure\team_structure\clips\BAR_on_goalkeeper_2_68372.mp4
BAR,on_midfielders,1,15000,15092,10:00.0,"BAR 6 Gavi, BAR 9 Lewandowski, BAR 11 Raphinha, BAR 23 Kounde",ATM 21 Javi Galan,forced_pass,attacking,right,C:\Users\user\Desktop\Football_cv_project\football-pipeline (1)\project\barca_atletico_first_half\new_cache\pressure\team_structure\clips\BAR_on_midfielders_1_15000.mp4
BAR,on_midfielders,2,55002,55080,36:40.1,"BAR 8 Pedri, BAR 9 Lewandowski, BAR 16 Fermin, BAR 17 Casado",ATM 14 Llorente,forced_pass,attacking,left,C:\Users\user\Desktop\Football_cv_project\football-pipeline (1)\project\barca_atletico_first_half\new_cache\pressure\team_structure\clips\BAR_on_midfielders_2_55002.mp4
