spell_id,press_team,pressed_team,start_frame,end_frame,start_time,n_frames,duration_sec,max_pressers,mean_pressers,min_dist_m,pressure_frames_share,carrier_share,press_height_start_m,press_third,since_spell_start_sec,counterpress
0,1,0,137,299,00:05,163,6.52,3,1.030674846625767,0.532287439133869,0.7177914110429447,0.7055214723926381,68.76104969277976,middle third,5.0,False
1,0,1,621,735,00:24,115,4.6,2,0.8260869565217391,0.6487491106808427,0.7043478260869566,0.7217391304347827,64.69180162692113,middle third,12.84,False
1,0,1,850,881,00:34,32,1.28,1,0.96875,0.799360949087049,0.96875,0.96875,59.739138818842974,middle third,22.0,False
1,0,1,933,1079,00:37,147,5.88,1,0.6530612244897959,0.7658476812929789,0.6190476190476191,0.7482993197278912,61.94264264762528,middle third,25.32,False
1,0,1,1225,1252,00:49,28,1.12,1,0.5357142857142857,2.271290488181574,0.5357142857142857,0.8928571428571429,80.10991086270695,attacking third,37.0,False
1,0,1,1633,1655,01:05,23,0.92,2,1.5217391304347827,0.140000944417285,1.0,1.0,41.10033997400082,middle third,53.32,False
2,1,0,1667,1678,01:06,12,0.48,2,1.75,0.6691606697563941,1.0,1.0,68.6755934850877,middle third,0.44,True
2,1,0,1733,1747,01:09,15,0.6,1,0.8666666666666667,2.749416508164566,0.8666666666666667,0.8666666666666667,81.41417377534194,attacking third,3.08,True
2,1,0,1779,1881,01:11,103,4.12,2,0.8640776699029126,1.658340681054674,0.8058252427184466,0.8737864077669902,86.54310590126045,attacking third,4.92,True
3,1,0,2142,2168,01:25,27,1.08,1,1.0,0.019374479145483126,1.0,1.0,67.69398110841001,middle third,0.0,False
4,0,1,2171,2203,01:26,33,1.32,1,1.0,1.4724960101215194,1.0,1.0,42.003766266615884,middle third,0.08,True
4,0,1,2354,2473,01:34,120,4.8,1,0.7916666666666666,0.17832196721183466,0.775,0.5916666666666667,34.61386402058598,own third,7.4,False
4,0,1,2715,2735,01:48,21,0.84,2,1.8571428571428572,1.7358975047602354,1.0,1.0,32.15720312300796,own third,21.84,False
5,1,0,2736,2875,01:49,140,5.6,2,0.85,0.8607966521002415,0.7071428571428572,0.8928571428571429,78.05504245357938,attacking third,0.0,True
5,1,0,2896,2998,01:55,103,4.12,2,1.2233009708737863,0.0027071070040969782,0.941747572815534,0.8058252427184466,73.48507021505091,attacking third,6.4,False
6,0,1,3340,3374,02:13,35,1.4,1,0.6285714285714286,3.9459903738201434,0.6285714285714286,0.9714285714285714,39.398709526150725,middle third,13.64,False
6,0,1,3425,3455,02:17,31,1.24,1,0.41935483870967744,3.4872296636395537,0.41935483870967744,1.0,33.11436599340172,own third,17.04,False
6,0,1,3492,3584,02:19,93,3.72,1,0.5161290322580645,1.655118995434705,0.5161290322580645,0.41935483870967744,37.72883124006914,middle third,19.72,False
6,0,1,3607,3650,02:24,44,1.76,1,0.7045454545454546,1.5192696347520014,0.6136363636363636,0.5,31.118090428379247,own third,24.32,False
6,0,1,3691,3764,02:27,74,2.96,1,0.7702702702702703,0.9980526829080462,0.7702702702702703,0.4594594594594595,33.933728955988215,own third,27.68,False
7,1,0,3818,3874,02:32,57,2.28,2,0.7719298245614035,0.1451450199264372,0.5614035087719298,0.14035087719298245,94.8221891265374,attacking third,0.16,True
8,0,1,3887,3900,02:35,14,0.56,1,1.0,2.612224824312543,1.0,0.0,2.7805147089021034,own third,0.48,True
8,0,1,3932,4058,02:37,127,5.08,2,0.7874015748031497,0.9073123134016559,0.6377952755905512,0.6614173228346457,9.76776264622302,own third,2.28,True
9,1,0,4059,4130,02:42,72,2.88,1,0.5694444444444444,0.5254191339990555,0.4444444444444444,0.4583333333333333,96.4027419901675,attacking third,0.0,True
10,0,1,4301,4315,02:52,15,0.6,1,0.7333333333333333,2.547518467936244,0.7333333333333333,0.8666666666666667,32.72974607383156,own third,0.48,False
10,0,1,4552,4673,03:02,122,4.88,2,0.6967213114754098,1.3699859227743627,0.639344262295082,1.0,33.77604799781902,own third,10.52,False
10,0,1,4804,4895,03:12,92,3.68,1,0.44565217391304346,0.6104688742010727,0.40217391304347827,0.34782608695652173,37.72560697613321,middle third,20.6,False
11,1,0,4939,4982,03:17,44,1.76,1,0.4090909090909091,0.7365678364212784,0.2727272727272727,0.2727272727272727,76.01905065149717,attacking third,0.0,True
12,0,1,4983,5001,03:19,19,0.76,1,1.0,0.5024059622707324,1.0,1.0,34.37984840019578,own third,0.0,True
13,1,0,5074,5270,03:22,197,7.88,2,1.0862944162436547,0.6857558128993237,0.8934010152284264,0.8274111675126904,72.94425350802783,attacking third,0.0,True
13,1,0,5292,5389,03:31,98,3.92,1,0.37755102040816324,1.396694576043838,0.23469387755102042,0.15306122448979592,91.24386021858786,attacking third,8.72,False
17,0,1,5893,5975,03:55,83,3.32,3,1.4096385542168675,0.001247097003400931,0.9156626506024096,0.7951807228915663,31.702305453640378,own third,8.32,False
17,0,1,6001,6087,04:00,87,3.48,2,1.0344827586206897,0.06603146872622066,0.7931034482758621,0.9310344827586207,12.852588127191112,own third,12.64,False
18,1,0,6098,6114,04:03,17,0.68,2,1.8235294117647058,0.628204156059551,1.0,0.0,91.09795252911842,attacking third,0.4,True
18,1,0,6136,6172,04:05,37,1.48,3,2.2162162162162162,2.092126164448421,1.0,0.0,87.54391108408852,attacking third,1.92,True
19,0,1,6216,6340,04:08,125,5.0,2,0.52,1.615262257744852,0.384,0.56,20.924813632920376,own third,0.48,True
19,0,1,6670,6951,04:26,282,11.28,1,0.4929078014184397,0.8673107601030545,0.4787234042553192,0.8049645390070922,17.03643544514948,own third,18.64,False
19,0,1,7018,7077,04:40,60,2.4,2,1.45,0.2273908181064634,1.0,1.0,11.287123673445421,own third,32.56,False
20,1,0,7078,7168,04:43,91,3.64,2,1.065934065934066,0.9833415332019552,0.7252747252747253,0.6043956043956044,99.42512333476489,attacking third,0.0,True
21,0,1,7330,7540,04:53,211,8.44,2,1.04739336492891,0.006393914674028707,0.8720379146919431,0.995260663507109,44.0929936051089,middle third,4.48,True
21,0,1,7581,7692,05:03,112,4.48,1,0.5446428571428571,1.5016226362102687,0.5446428571428571,0.8482142857142857,22.115766938749488,own third,14.52,False
26,0,1,8662,8774,05:46,113,4.52,2,0.8672566371681416,0.7223541183623285,0.672566371681416,0.6548672566371682,56.61195792796158,middle third,0.0,True
26,0,1,9085,9098,06:03,14,0.56,1,0.8571428571428571,2.503436731049985,0.8571428571428571,0.0,27.810546021309335,own third,16.92,False
27,0,1,9211,9239,06:08,29,1.16,1,0.8275862068965517,1.080431812626448,0.8275862068965517,0.8275862068965517,49.285845901026704,middle third,0.48,False
27,0,1,9391,9774,06:15,384,15.36,3,0.7864583333333334,0.009709377261753117,0.6614583333333334,0.8229166666666666,21.12407132634658,own third,7.68,False
27,0,1,9891,10034,06:35,144,5.76,2,1.0833333333333333,0.6121130640802188,0.7222222222222222,0.9166666666666666,13.292792923482295,own third,27.68,False
28,1,0,10600,10614,07:04,15,0.6,1,1.0,2.163573907494357,1.0,1.0,99.18603552971716,attacking third,1.56,False
29,1,0,11035,11163,07:21,129,5.16,2,0.7596899224806202,0.1590226993254648,0.627906976744186,0.8527131782945736,44.89732585809183,middle third,0.36,False
29,1,0,11195,11222,07:27,28,1.12,1,1.0,1.4082695633060651,1.0,0.9642857142857143,73.36389263304262,attacking third,6.76,False
29,1,0,11329,11578,07:33,250,10.0,2,0.98,0.3675614850394077,0.812,0.668,53.40361442591459,middle third,12.12,False
30,0,1,11579,11596,07:43,18,0.72,1,0.7222222222222222,0.6714268545033546,0.7222222222222222,1.0,65.24596294767639,middle third,0.0,True
31,1,0,12228,12245,08:09,18,0.72,1,1.0,0.37055392856499303,1.0,0.0,55.56850637687434,middle third,2.92,True
32,0,1,12258,12320,08:10,63,2.52,2,0.38095238095238093,1.5916088313510377,0.19047619047619047,0.49206349206349204,45.85455099963902,middle third,0.48,True
33,1,0,12444,12598,08:17,155,6.2,1,0.6903225806451613,1.27802750178822,0.6903225806451613,0.9032258064516129,85.172003490386,attacking third,4.92,True
33,1,0,12711,12730,08:28,20,0.8,1,0.95,2.972277101453952,0.95,1.0,99.4708545747062,attacking third,15.6,False
34,0,1,12940,12951,08:37,12,0.48,1,1.0,2.5047707104505386,1.0,1.0,92.50264620391913,attacking third,3.36,True
34,0,1,12994,13031,08:39,38,1.52,1,0.42105263157894735,2.9454176723650884,0.42105263157894735,1.0,90.72895233447731,attacking third,5.52,False
34,0,1,13491,13560,08:59,70,2.8,1,0.8285714285714286,0.6668097310812633,0.8285714285714286,0.8285714285714286,33.0855388863657,own third,25.4,False
34,0,1,13588,13644,09:03,57,2.28,2,0.8245614035087719,0.4968185182240203,0.8070175438596491,0.7017543859649122,8.546967530861593,own third,29.28,False
35,1,0,13925,13949,09:17,25,1.0,1,1.0,2.9087777551820646,1.0,1.0,100.43854369761534,attacking third,4.72,True
38,1,0,14421,14511,09:36,91,3.64,2,0.6373626373626373,0.5024161591827416,0.38461538461538464,0.5054945054945055,91.03945245275992,attacking third,0.48,True
39,0,1,14529,14580,09:41,52,2.08,1,0.9615384615384616,0.12633994414597632,0.8269230769230769,0.9230769230769231,51.79662100696325,middle third,0.68,True
39,0,1,14844,14863,09:53,20,0.8,1,1.0,2.955222994195672,1.0,0.0,34.56241713079535,own third,13.28,False
40,1,0,14871,14897,09:54,27,1.08,1,0.8518518518518519,0.8683771398515056,0.8518518518518519,0.2222222222222222,80.44831437331004,attacking third,0.28,True
40,1,0,14909,15092,09:56,184,7.36,2,1.173913043478261,0.6913343841329715,0.8641304347826086,0.875,93.47685406386809,attacking third,1.8,True
40,1,0,15169,15187,10:06,19,0.76,1,1.0,2.3096183853662833,1.0,0.0,92.91613303180337,attacking third,12.2,False
40,1,0,15373,15394,10:14,22,0.88,1,0.6818181818181818,2.658014794790424,0.6818181818181818,0.0,92.05874654713037,attacking third,20.36,False
40,1,0,15472,15551,10:18,80,3.2,1,0.8125,0.3775110040836953,0.8125,0.7125,67.97525292954543,middle third,24.32,False
41,0,1,15552,15657,10:22,106,4.24,2,0.8679245283018868,0.7966454369419923,0.8113207547169812,0.7830188679245284,41.723263613827385,middle third,0.0,True
43,0,1,16126,16168,10:45,43,1.72,1,0.37209302325581395,2.7439959612404383,0.3023255813953488,0.3023255813953488,26.670173088906097,own third,14.44,False
43,0,1,16260,16342,10:50,83,3.32,1,0.7108433734939759,1.3140613832846817,0.7108433734939759,0.891566265060241,38.88560427152174,middle third,19.8,False
43,0,1,16476,16631,10:59,156,6.24,2,0.6474358974358975,0.8846958493672485,0.5512820512820513,0.34615384615384615,23.930848644051835,own third,28.44,False
44,1,0,16652,16910,11:06,259,10.36,2,0.4671814671814672,0.06887544930944331,0.40540540540540543,0.8532818532818532,92.39185861440833,attacking third,0.76,True
45,0,1,17075,17127,11:23,53,2.12,1,0.9056603773584906,0.2313788411188686,0.9056603773584906,1.0,27.977610679217207,own third,0.28,False
46,1,0,17129,17225,11:25,97,3.88,2,0.8144329896907216,0.5865922698682103,0.7835051546391752,0.9587628865979382,74.6703334177015,attacking third,0.04,True
46,1,0,17357,17409,11:34,53,2.12,1,0.7924528301886793,1.2481793751256718,0.7924528301886793,0.660377358490566,79.17493065736952,attacking third,9.16,False
48,0,1,17814,17860,11:52,47,1.88,1,0.7021276595744681,0.21432599365026775,0.7021276595744681,1.0,33.95153775693076,own third,0.0,False
49,1,0,17881,17930,11:55,50,2.0,1,0.82,0.05807016599834792,0.82,0.64,76.95377968097065,attacking third,0.8,True
49,1,0,17994,18028,11:59,35,1.4,1,0.8857142857142857,1.348479234235444,0.6571428571428571,0.6571428571428571,54.83063843200273,middle third,5.32,False
50,0,1,18087,18149,12:03,63,2.52,1,0.9047619047619048,3.1717168777062135,0.9047619047619048,1.0,63.52127614943841,middle third,2.32,True
50,0,1,18195,18262,12:07,68,2.72,2,0.9411764705882353,1.5856479481317052,0.75,0.75,46.08412685260888,middle third,6.64,False
52,1,0,18802,18832,12:32,31,1.24,1,0.967741935483871,1.4344999636104445,0.967741935483871,0.967741935483871,82.8143616789707,attacking third,1.0,False
52,1,0,18995,19007,12:39,13,0.52,1,0.9230769230769231,4.735243760827601,0.9230769230769231,0.0,74.14062212489257,attacking third,8.72,False
55,1,0,20244,20255,13:29,12,0.48,1,1.0,0.1469725299694551,1.0,0.0,65.89526044234309,middle third,1.8,True
56,0,1,20292,20313,13:31,22,0.88,1,1.0,0.5692245600667867,1.0,0.0,32.70333948856326,own third,1.44,True
56,0,1,20331,20377,13:33,47,1.88,1,0.2978723404255319,0.4095181167403343,0.23404255319148937,0.5531914893617021,28.356311730696675,own third,3.0,True
57,1,0,20390,20451,13:35,62,2.48,1,0.3225806451612903,3.5240052675031746,0.3225806451612903,0.6129032258064516,88.12236104756273,attacking third,0.48,True
58,0,1,20470,20520,13:38,51,2.04,1,0.7450980392156863,1.305444300955017,0.6666666666666666,0.6666666666666666,14.912004750925078,own third,0.48,True
59,1,0,20632,20670,13:45,39,1.56,1,1.0,0.4224714304097654,1.0,0.6923076923076923,53.7311149010293,middle third,0.96,True
60,0,1,20676,20968,13:47,293,11.72,1,0.2627986348122867,0.5023507276838569,0.25597269624573377,0.7235494880546075,42.59497489128894,middle third,0.2,True
60,0,1,21071,21085,14:02,15,0.6,1,0.7333333333333333,4.149532919222085,0.7333333333333333,1.0,32.26269798012024,own third,16.0,False
60,0,1,21197,21279,14:07,83,3.32,1,0.8313253012048193,1.7301335450218758,0.8192771084337349,0.8192771084337349,35.75619252522766,middle third,21.04,False
60,0,1,21305,21336,14:12,32,1.28,1,0.90625,2.104124187436125,0.90625,0.90625,29.77913222946465,own third,25.36,False
60,0,1,21533,21593,14:21,61,2.44,1,0.9508196721311475,1.4478245952380533,0.9508196721311475,0.5901639344262295,36.02941854630042,middle third,34.48,False
60,0,1,21673,21733,14:26,61,2.44,1,0.7704918032786885,1.0445891945508265,0.7377049180327869,1.0,29.74644187447052,own third,40.08,False
60,0,1,21824,21847,14:32,24,0.96,1,0.9166666666666666,3.6390684664085198,0.9166666666666666,1.0,29.561213122103098,own third,46.12,False
62,0,1,22433,22557,14:57,125,5.0,2,0.768,0.03308267733674178,0.712,0.648,50.819589539285424,middle third,0.2,True
62,0,1,22748,22820,15:09,73,2.92,1,0.9863013698630136,0.45322169961182485,0.9863013698630136,0.547945205479452,57.44047464751014,middle third,12.8,False
62,0,1,22846,22920,15:13,75,3.0,1,0.44,1.0283321949257747,0.44,0.52,44.471225927501266,middle third,16.72,False
62,0,1,23097,23211,15:23,115,4.6,1,0.13043478260869565,2.808859893992753,0.13043478260869565,0.7913043478260869,32.02949360311705,own third,26.76,False
62,0,1,23230,23378,15:29,149,5.96,2,0.6040268456375839,1.5570965756811728,0.4899328859060403,0.7114093959731543,44.77210953720593,middle third,32.08,False
62,0,1,23407,23430,15:36,24,0.96,1,0.9166666666666666,2.372589305027909,0.9166666666666666,1.0,56.26058478900032,middle third,39.16,False
62,0,1,23458,23532,15:38,75,3.0,2,0.9866666666666667,0.4493605651071993,0.9066666666666666,0.8666666666666667,56.823265582531334,middle third,41.2,False
62,0,1,23575,23650,15:43,76,3.04,1,0.8421052631578947,0.9645576422639957,0.8421052631578947,0.5263157894736842,18.414803031440954,own third,45.88,False
64,1,0,24577,24622,16:23,46,1.84,1,1.0,0.9239272946299218,1.0,0.43478260869565216,97.14274822545438,attacking third,0.16,False
65,0,1,24635,24660,16:25,26,1.04,1,0.9230769230769231,2.2484727545823255,0.9230769230769231,1.0,6.189531855371712,own third,0.48,True
65,0,1,24681,24694,16:27,14,0.56,1,1.0,0.10096046428823902,1.0,0.0,2.7128257149593367,own third,2.32,True
66,1,0,24767,24783,16:30,17,0.68,1,1.0,0.13421439881463826,1.0,0.0,81.75749254044763,attacking third,2.88,True
67,1,0,24847,24923,16:33,77,3.08,3,1.7272727272727273,0.3510796159103548,1.0,0.5714285714285714,55.91061885095715,middle third,0.0,False
68,0,1,25000,25027,16:40,28,1.12,1,1.0,1.0482066751529142,1.0,1.0,84.3724738612319,attacking third,0.6,True
69,1,0,25185,25538,16:47,354,14.16,2,0.615819209039548,0.8917983003373933,0.5677966101694916,0.5903954802259888,53.80884355487262,middle third,2.0,True
70,1,0,25664,25693,17:06,30,1.2,1,1.0,0.45811828788592707,1.0,0.9666666666666667,41.55386675321151,middle third,0.52,False
71,0,1,25694,25728,17:07,35,1.4,1,0.9714285714285714,0.18822513120377293,0.9714285714285714,0.5142857142857142,64.64932670237567,middle third,0.0,True
72,0,1,25921,25932,17:16,12,0.48,1,1.0,0.004346028177566817,1.0,1.0,103.19824005312574,attacking third,3.2,False
73,1,0,26266,26306,17:30,41,1.64,2,1.4390243902439024,0.0054475257565352025,1.0,1.0,17.075059832948682,own third,0.48,False
74,0,1,26986,27000,17:59,15,0.6,1,1.0,1.1479400473793386,1.0,1.0,99.85938505026009,attacking third,0.2,False
75,0,1,27471,27532,18:18,62,2.48,3,1.2580645161290323,0.6549525921457269,0.9193548387096774,0.9193548387096774,79.17593169712512,attacking third,0.0,False
75,0,1,27709,27731,18:28,23,0.92,2,1.2608695652173914,1.0417638872077848,1.0,0.0,70.93311821227043,attacking third,9.52,False
76,0,1,27824,27847,18:32,24,0.96,1,0.875,0.7492413159002302,0.875,0.875,63.647033011162904,middle third,0.0,False
76,0,1,27899,27926,18:35,28,1.12,1,1.0,0.6967394846121345,1.0,0.6785714285714286,75.26692173109939,attacking third,3.0,False
78,0,1,28058,28088,18:42,31,1.24,2,0.7741935483870968,0.8926276147597798,0.6129032258064516,1.0,55.997809323397405,middle third,0.0,True
79,1,0,28101,28212,18:44,112,4.48,2,1.2589285714285714,0.2591856483831234,0.75,0.5357142857142857,48.607390681624835,middle third,0.48,True
80,0,1,28958,28990,19:18,33,1.32,1,0.696969696969697,2.5278859189897203,0.696969696969697,0.7575757575757576,41.605883280436004,middle third,29.0,False
81,1,0,29166,29274,19:26,109,4.36,2,0.8715596330275229,0.019055581992532513,0.5688073394495413,0.7431192660550459,84.62411814942564,attacking third,2.36,True
81,1,0,29295,29309,19:31,15,0.6,1,1.0,0.2632520105814259,1.0,0.0,64.38018071527881,middle third,7.52,False
82,0,1,29468,29664,19:38,197,7.88,2,0.6751269035532995,2.225015131426131,0.583756345177665,0.8477157360406091,39.67400032879293,middle third,6.32,False
86,1,0,31537,31553,21:01,17,0.68,1,1.0,0.312445337692702,1.0,0.0,82.35272911180542,attacking third,2.68,False
87,0,1,31569,31672,21:02,104,4.16,3,0.5576923076923077,0.6481797980287033,0.4423076923076923,0.6826923076923077,19.05156087097285,own third,0.6,True
88,1,0,31727,31753,21:09,27,1.08,1,0.7777777777777778,4.331249659721528,0.7777777777777778,1.0,99.43341795381161,attacking third,2.16,True
88,1,0,31777,31797,21:11,21,0.84,1,1.0,1.451276722589261,1.0,0.0,69.40124778166096,middle third,4.16,True
90,0,1,32314,32408,21:32,95,3.8,1,0.5789473684210527,0.002155109114102942,0.5473684210526316,0.8631578947368421,19.348133024913466,own third,7.32,False
91,1,0,32471,32513,21:38,43,1.72,1,1.0,0.13472295554931937,1.0,0.627906976744186,64.02999456890277,middle third,0.0,True
92,0,1,32526,32542,21:41,17,0.68,2,2.0,0.33408756849435517,1.0,1.0,36.876190541229406,middle third,0.48,True
92,0,1,32571,32600,21:42,30,1.2,1,0.9666666666666667,0.9180514082230059,0.9666666666666667,0.9666666666666667,43.82386293389007,middle third,2.28,True
92,0,1,32860,33077,21:54,218,8.72,2,0.6422018348623854,1.2092155802267464,0.5779816513761468,0.7706422018348624,36.152798152469884,middle third,13.84,False
92,0,1,33223,33285,22:08,63,2.52,1,0.4603174603174603,1.8224272065656526,0.4603174603174603,0.7301587301587301,24.85257633804973,own third,28.36,False
93,1,0,33326,33424,22:13,99,3.96,1,0.43434343434343436,1.3319503849220717,0.43434343434343436,0.8282828282828283,99.08825198086853,attacking third,0.08,True
93,1,0,33492,33508,22:19,17,0.68,1,1.0,2.693905817720108,1.0,1.0,83.62066068849387,attacking third,6.72,False
95,0,1,34315,34406,22:52,92,3.68,1,0.10869565217391304,2.6168288420025783,0.10869565217391304,0.8152173913043478,15.949567568051805,own third,1.08,False
95,0,1,34436,34464,22:57,29,1.16,1,1.0,0.8087043125729231,1.0,0.0,12.915837869228625,own third,5.92,False
96,1,0,34578,34682,23:03,105,4.2,1,0.638095238095238,0.1197438779144124,0.638095238095238,0.638095238095238,71.24366537952223,attacking third,4.08,True
97,1,0,34935,35002,23:17,68,2.72,3,2.1029411764705883,0.28129120014863784,1.0,0.27941176470588236,51.30976075390424,middle third,4.32,False
97,1,0,35055,35075,23:22,21,0.84,1,0.47619047619047616,3.5838136614949185,0.47619047619047616,0.0,38.11208039391427,middle third,9.12,False
97,1,0,35125,35201,23:25,77,3.08,1,0.45454545454545453,2.2722845505592946,0.4025974025974026,1.0,27.728242216132543,own third,11.92,False
97,1,0,35248,35307,23:29,60,2.4,1,0.3,2.553876990324083,0.3,0.7333333333333333,36.405591835786794,middle third,16.84,False
98,0,1,35392,35571,23:35,180,7.2,2,0.6444444444444445,0.9556296291316079,0.5944444444444444,0.7833333333333333,95.48660806953765,attacking third,1.36,True
98,0,1,35936,36187,23:57,252,10.08,2,0.4007936507936508,0.003663719702191026,0.3531746031746032,0.8412698412698413,24.872251070462497,own third,23.12,False
98,0,1,36257,36454,24:10,198,7.92,1,0.6111111111111112,0.7007701405856268,0.5858585858585859,0.7222222222222222,35.23424369929417,middle third,35.96,False
100,0,1,37223,37244,24:48,22,0.88,2,0.7727272727272727,2.349876302863917,0.5454545454545454,0.0,2.2474388864356314,own third,6.6,False
102,1,0,37667,37744,25:06,78,3.12,1,0.8461538461538461,2.106314438596194,0.8461538461538461,0.32051282051282054,93.84825045512926,attacking third,1.56,False
102,1,0,37780,37804,25:11,25,1.0,1,1.0,1.7041757142059557,1.0,1.0,99.04722483262762,attacking third,6.08,False
102,1,0,37902,38031,25:16,130,5.2,2,0.43846153846153846,1.262363157326102,0.4153846153846154,0.5076923076923077,74.78288816794394,attacking third,10.96,False
102,1,0,38117,38192,25:24,76,3.04,2,1.236842105263158,0.16803640808187673,0.8552631578947368,0.5789473684210527,25.52737878497328,own third,19.56,False
102,1,0,38243,38409,25:29,167,6.68,2,0.8383233532934131,1.004003036803632,0.7125748502994012,0.8023952095808383,21.09011383768012,own third,24.6,False
102,1,0,38447,38474,25:37,28,1.12,1,1.0,0.02024039563399501,1.0,0.8571428571428571,32.30020570199261,own third,32.76,False
103,0,1,38533,38570,25:41,38,1.52,1,1.0,0.003451927203732134,1.0,0.631578947368421,98.75172822147444,attacking third,2.32,True
105,0,1,39682,39772,26:27,91,3.64,2,0.7692307692307693,1.6185148424799167,0.6703296703296703,0.17582417582417584,83.80945281715654,attacking third,0.44,False
106,1,0,39801,39843,26:32,43,1.72,3,1.3488372093023255,0.8049501861175383,0.8604651162790697,0.46511627906976744,50.159181741567906,middle third,0.48,True
107,0,1,39844,39896,26:33,53,2.12,3,2.0,0.09614308124595942,0.9811320754716981,0.9622641509433962,67.26344675006277,middle third,0.0,True
108,1,0,39906,39927,26:36,22,0.88,1,0.8181818181818182,0.6939563616739558,0.8181818181818182,0.8636363636363636,48.400391291905265,middle third,0.36,True
109,0,1,40509,40590,27:00,82,3.28,1,0.4634146341463415,1.832523059504908,0.4634146341463415,0.6463414634146342,34.29501266301631,own third,12.36,False
109,0,1,40785,40824,27:11,40,1.6,1,0.3,2.9702556996587015,0.3,1.0,24.007552389220237,own third,23.4,False
109,0,1,40925,40939,27:17,15,0.6,1,0.8666666666666667,4.750819197954837,0.8666666666666667,1.0,39.46803520220402,middle third,29.0,False
109,0,1,40973,40998,27:18,26,1.04,1,1.0,3.15501323382366,1.0,1.0,35.84037412630073,middle third,30.92,False
109,0,1,41173,41263,27:26,91,3.64,2,0.7802197802197802,0.012840821915622209,0.7362637362637363,0.945054945054945,32.31681852185065,own third,38.92,False
109,0,1,41426,41592,27:37,167,6.68,2,0.9820359281437125,0.16425677347644316,0.8263473053892215,0.6407185628742516,22.886765869733708,own third,49.04,False
110,1,0,41652,41731,27:46,80,3.2,1,0.5875,0.7328654574626356,0.5875,0.8,92.65292915041937,attacking third,2.36,True
113,0,1,42342,42387,28:13,46,1.84,2,0.717391304347826,0.7361725733247397,0.5869565217391305,0.34782608695652173,13.844537979516957,own third,0.84,False
114,1,0,42469,42491,28:18,23,0.92,2,1.434782608695652,0.030910863260090505,0.9130434782608695,0.5652173913043478,85.02231676480147,attacking third,3.24,True
114,1,0,42595,42631,28:23,37,1.48,2,1.054054054054054,1.2577766959107364,0.8918918918918919,0.0,72.3157119726446,attacking third,8.28,False
115,0,1,42663,42702,28:26,40,1.6,1,1.0,0.9157512474059628,1.0,0.575,36.98111456313035,middle third,1.24,True
117,1,0,43174,43239,28:46,66,2.64,2,0.7121212121212122,0.596891974055332,0.4696969696969697,0.2878787878787879,60.10966446349689,middle third,0.84,False
118,0,1,43724,43789,29:08,66,2.64,1,1.0,2.634499410439065,1.0,0.7424242424242424,28.247346215592444,own third,14.0,False
118,0,1,43862,43898,29:14,37,1.48,2,1.3513513513513513,1.1729144415239723,1.0,0.5945945945945946,32.24150307750902,own third,19.52,False
119,1,0,43908,44004,29:16,97,3.88,1,0.16494845360824742,0.45992873170116466,0.1134020618556701,0.711340206185567,81.55130081354623,attacking third,0.36,True
120,0,1,44282,44316,29:31,35,1.4,1,1.0,1.1051553530174618,1.0,0.0,2.7375940801299237,own third,9.56,False
122,0,1,45463,45511,30:18,49,1.96,1,0.6122448979591837,2.0511764737041593,0.4489795918367347,0.0,52.517557047764456,middle third,1.88,False
123,1,0,45542,45561,30:21,20,0.8,1,0.6,3.0407470717890055,0.6,0.15,53.05445373641878,middle third,0.96,True
123,1,0,45586,45608,30:23,23,0.92,1,1.0,1.4069085292811783,1.0,0.0,52.407334448905246,middle third,2.72,True
123,1,0,45876,45977,30:35,102,4.08,1,0.49019607843137253,0.7083381349066004,0.47058823529411764,0.4215686274509804,63.04901276879674,middle third,14.32,False
123,1,0,45998,46070,30:39,73,2.92,2,1.5068493150684932,0.5483147598869608,1.0,0.7945205479452054,70.38799538532257,attacking third,19.2,False
124,0,1,46083,46111,30:43,29,1.16,2,1.3793103448275863,1.801533405884862,1.0,1.0,35.3226602016349,middle third,0.48,True
126,0,1,46286,46370,30:51,85,3.4,1,0.17647058823529413,1.705963254701639,0.12941176470588237,0.4588235294117647,88.65768761918116,attacking third,2.4,True
127,1,0,47670,47747,31:46,78,3.12,1,0.46153846153846156,0.8718300590972562,0.46153846153846156,0.6025641025641025,25.16309426559627,own third,28.88,False
130,0,1,48346,48362,32:13,17,0.68,1,0.8235294117647058,4.418749379026988,0.8235294117647058,1.0,79.99975580602252,attacking third,14.16,False
130,0,1,48393,48482,32:15,90,3.6,1,0.43333333333333335,3.580858288680123,0.43333333333333335,0.9888888888888889,80.6405046591947,attacking third,16.04,False
131,0,1,48668,48741,32:26,74,2.96,3,1.364864864864865,0.38493299796220914,0.6891891891891891,1.0,48.16747022508724,middle third,0.48,False
131,0,1,48763,48781,32:30,19,0.76,1,0.6842105263157895,4.099404309802146,0.6842105263157895,0.0,41.25099610644823,middle third,4.28,False
131,0,1,48906,48938,32:36,33,1.32,1,0.9393939393939394,2.821770145449656,0.9393939393939394,0.7878787878787878,61.90126219885042,middle third,10.0,False
131,0,1,48967,49005,32:38,39,1.56,1,1.0,1.227176410702555,1.0,1.0,61.56341275301834,middle third,12.44,False
131,0,1,49065,49078,32:42,14,0.56,1,0.7857142857142857,3.9102263682151253,0.7857142857142857,0.7857142857142857,55.53788206905181,middle third,16.36,False
131,0,1,49289,49324,32:51,36,1.44,1,1.0,0.795666567390026,1.0,1.0,29.11438219475002,own third,25.32,False
131,0,1,49358,49379,32:54,22,0.88,1,0.9090909090909091,1.0036319855754432,0.9090909090909091,0.9090909090909091,47.3988860603811,middle third,28.08,False
131,0,1,49420,49541,32:56,122,4.88,2,0.6475409836065574,0.35910138974720895,0.5409836065573771,0.13114754098360656,42.08460860767799,middle third,30.56,False
131,0,1,49874,49900,33:14,27,1.08,1,0.5925925925925926,3.6464483429466514,0.5925925925925926,0.5925925925925926,64.78400886197734,middle third,48.72,False
131,0,1,49941,50177,33:17,237,9.48,2,0.7932489451476793,0.1726128265409653,0.7172995780590717,0.7890295358649789,69.00139261347977,middle third,51.4,False
131,0,1,50285,50348,33:31,64,2.56,1,0.75,0.7958919468861645,0.5,0.21875,65.07119245017869,middle third,65.16,False
132,0,1,50643,50717,33:45,75,3.0,2,0.5066666666666667,2.0325104032128993,0.44,0.64,64.56794459165584,middle third,5.16,False
132,0,1,50855,50898,33:54,44,1.76,1,0.6590909090909091,1.6172170067608307,0.6590909090909091,0.3181818181818182,66.53841675800588,middle third,13.64,False
132,0,1,50998,51024,33:59,27,1.08,1,1.0,2.626584475496768,1.0,1.0,60.83029525152162,middle third,19.36,False
132,0,1,51170,51385,34:06,216,8.64,2,1.1388888888888888,0.005204486563209203,0.8611111111111112,0.6990740740740741,19.319020538912497,own third,26.24,False
133,1,0,51424,51595,34:16,172,6.88,2,0.6627906976744186,0.0019032270589724165,0.5,0.877906976744186,98.2127305855565,attacking third,1.52,True
135,1,0,51892,51910,34:35,19,0.76,3,2.0526315789473686,1.9741338143996374,0.8947368421052632,0.8947368421052632,56.45321464983195,middle third,9.76,False
135,1,0,51957,51993,34:38,37,1.48,1,0.7297297297297297,1.2879998023705357,0.7297297297297297,0.5405405405405406,71.04906575663128,attacking third,12.36,False
135,1,0,52009,52022,34:40,14,0.56,1,1.0,0.6831164163475832,1.0,0.0,59.51484821034567,middle third,14.44,False
136,0,1,52035,52173,34:41,139,5.56,1,0.7122302158273381,0.6637986964409245,0.6474820143884892,0.5539568345323741,38.55773250142013,middle third,0.48,True
137,1,0,52186,52251,34:47,66,2.64,1,0.696969696969697,1.150900788119692,0.696969696969697,1.0,78.42458224352168,attacking third,0.48,True
138,0,1,52278,52303,34:51,26,1.04,1,0.38461538461538464,1.0079310805406394,0.38461538461538464,0.34615384615384615,19.99353672907877,own third,1.04,True
140,0,1,52468,52493,34:58,26,1.04,1,0.9615384615384616,1.048936650139553,0.9615384615384616,1.0,51.89208765630106,middle third,0.2,True
140,0,1,52655,52808,35:06,154,6.16,2,0.42207792207792205,0.004583075872058291,0.33116883116883117,0.7272727272727273,34.63993565594549,own third,7.68,False
140,0,1,52897,53134,35:15,238,9.52,3,0.5378151260504201,0.38300620922062595,0.42857142857142855,0.6176470588235294,39.99531208385102,middle third,17.36,False
141,1,0,53152,53213,35:26,62,2.48,2,0.7096774193548387,0.890889295143371,0.6774193548387096,0.46774193548387094,87.82862494764376,attacking third,0.68,True
142,0,1,53230,53257,35:29,28,1.12,2,1.75,0.5020710231803996,1.0,1.0,41.57428390218365,middle third,0.64,True
142,0,1,53423,53642,35:36,220,8.8,2,0.8681818181818182,0.032548399669728556,0.6454545454545455,0.5227272727272727,40.082775089290394,middle third,8.36,False
142,0,1,53678,53700,35:47,23,0.92,2,1.565217391304348,0.2009834872733521,1.0,0.0,15.291966898759398,own third,18.56,False
143,1,0,53728,53777,35:49,50,2.0,1,0.76,0.37418812442110266,0.76,1.0,86.37455747733331,attacking third,0.48,True
144,0,1,53808,53967,35:52,160,6.4,2,0.95,0.5727561772429877,0.76875,1.0,22.724818054056698,own third,1.2,True
144,0,1,54077,54257,36:03,181,7.24,1,0.5580110497237569,0.0012736496041854967,0.5580110497237569,0.9060773480662984,20.761685547017024,own third,11.96,False
145,1,0,54659,54681,36:26,23,0.92,1,1.0,0.004189475380988406,1.0,0.8260869565217391,99.42418762415006,attacking third,1.44,False
145,1,0,54710,54797,36:28,88,3.52,1,0.5568181818181818,0.013008326904077742,0.5340909090909091,0.7954545454545454,87.50156681798859,attacking third,3.48,False
145,1,0,54909,54930,36:36,22,0.88,1,0.9545454545454546,3.1710251948176986,0.9545454545454546,1.0,101.91661932529577,attacking third,11.44,False
145,1,0,54973,55080,36:38,108,4.32,4,1.4722222222222223,0.5571352657822934,1.0,0.9907407407407407,93.20402276099173,attacking third,14.0,False
146,0,1,55114,55232,36:44,119,4.76,2,0.7142857142857143,0.6855180035677901,0.6050420168067226,0.7310924369747899,41.80497911537704,middle third,1.32,True
146,0,1,55315,55366,36:52,52,2.08,1,0.8846153846153846,0.30274751818062073,0.8846153846153846,0.0,25.622698388578314,own third,9.36,False
147,1,0,55379,55549,36:55,171,6.84,2,0.9005847953216374,0.46575907116710125,0.6842105263157895,0.5497076023391813,87.86803311790368,attacking third,0.48,True
148,0,1,55594,55609,37:03,16,0.64,1,1.0,0.5224948190009877,1.0,0.0,28.649508812943708,own third,1.76,True
149,1,0,55706,55758,37:08,53,2.12,2,0.8867924528301887,0.4128845016952487,0.6037735849056604,0.41509433962264153,58.82270973934734,middle third,3.84,True
150,0,1,55771,55952,37:10,182,7.28,2,1.054945054945055,0.46287629112949147,0.8461538461538461,1.0,51.48414103190088,middle third,0.48,True
150,0,1,56026,56152,37:21,127,5.08,2,1.0551181102362204,0.07575319695085461,0.9921259842519685,0.4566929133858268,24.365020093939833,own third,10.68,False
151,1,0,56222,56309,37:28,88,3.52,1,0.5795454545454546,3.5509207251719976,0.5454545454545454,0.23863636363636365,85.77633887515505,attacking third,2.76,True
152,1,0,56399,56452,37:35,54,2.16,2,1.5555555555555556,0.1399387015029751,0.9444444444444444,0.9444444444444444,50.33359330628595,middle third,0.0,False
152,1,0,56606,56658,37:44,53,2.12,1,0.7358490566037735,1.576678649588172,0.7358490566037735,0.8867924528301887,7.817597889400048,own third,8.28,False
152,1,0,56773,56843,37:50,71,2.84,1,0.5915492957746479,1.9898694983391148,0.5915492957746479,0.5915492957746479,35.64296702849569,middle third,14.96,False
152,1,0,56924,57011,37:56,88,3.52,1,0.75,2.5263081255594417,0.75,0.7613636363636364,28.530010939200253,own third,21.0,False
153,0,1,57012,57069,38:00,58,2.32,1,0.43103448275862066,0.4690793745963416,0.29310344827586204,1.0,89.7284687571314,attacking third,0.0,True
154,1,0,57079,57122,38:03,44,1.76,1,0.3409090909090909,1.4664309694242434,0.3409090909090909,1.0,10.83633572460613,own third,0.36,True
157,0,1,57907,57928,38:36,22,0.88,1,0.9545454545454546,2.530146584363953,0.9545454545454546,1.0,91.18863592614656,attacking third,12.16,False
157,0,1,58026,58122,38:41,97,3.88,1,0.6701030927835051,0.0877633797241736,0.6701030927835051,1.0,72.86451517563034,attacking third,16.92,False
159,1,0,58552,58623,39:02,72,2.88,1,0.6666666666666666,2.825783858052099,0.6666666666666666,0.375,60.035263410497066,middle third,7.92,False
164,0,1,59658,59777,39:46,120,4.8,2,1.0416666666666667,0.5481697175017202,0.7,0.9416666666666667,41.59148708868119,middle third,0.0,True
164,0,1,59848,59903,39:53,56,2.24,1,1.0,0.798383005470176,1.0,1.0,1.336048063975909,own third,7.6,False
165,1,0,59938,60020,39:57,83,3.32,2,1.1686746987951808,0.06998078824827454,0.7831325301204819,0.9156626506024096,94.7000458212618,attacking third,1.36,True
166,0,1,60069,60095,40:02,27,1.08,1,0.7407407407407407,1.0162092657071509,0.7407407407407407,1.0,22.24442262805124,own third,1.92,True
169,1,0,60868,60881,40:34,14,0.56,1,0.7857142857142857,1.2262360437659265,0.7857142857142857,0.7857142857142857,80.86199524352625,attacking third,0.0,True
170,0,1,60981,61040,40:39,60,2.4,1,1.0,0.021819341275731832,1.0,0.9833333333333333,46.418862225014394,middle third,1.56,True
171,1,0,61094,61138,40:43,45,1.8,1,0.8888888888888888,3.2135864813195743,0.8888888888888888,0.5555555555555556,46.6723715723213,middle third,2.12,True
171,1,0,61164,61196,40:46,33,1.32,1,0.6060606060606061,3.294983978765482,0.6060606060606061,0.6363636363636364,49.524351898051236,middle third,4.92,True
171,1,0,61303,61409,40:52,107,4.28,1,0.4205607476635514,2.673140941388304,0.38317757009345793,0.6635514018691588,32.961067510929524,own third,10.48,False
171,1,0,61454,61548,40:58,95,3.8,1,0.6631578947368421,3.517886120668004,0.6631578947368421,0.4421052631578947,51.687873219056904,middle third,16.52,False
171,1,0,61570,61624,41:02,55,2.2,1,0.8363636363636363,3.5864693166850308,0.8363636363636363,0.6363636363636364,60.931511385718935,middle third,21.16,False
171,1,0,61869,61889,41:14,21,0.84,2,0.8571428571428571,2.661442712495404,0.6190476190476191,0.5238095238095238,41.88380114506473,middle third,33.12,False
171,1,0,61935,62057,41:17,123,4.92,1,0.7642276422764228,0.1032887877812865,0.7398373983739838,0.9512195121951219,49.95732089133823,middle third,35.76,False
171,1,0,62163,62180,41:26,18,0.72,1,1.0,3.4116601737263537,1.0,1.0,69.7710994195829,middle third,44.88,False
171,1,0,62430,62452,41:37,23,0.92,1,0.782608695652174,2.2442650086425897,0.782608695652174,0.7391304347826086,67.47822433862952,middle third,55.56,False
171,1,0,62518,62638,41:40,121,4.84,2,1.2892561983471074,0.3750202208141387,0.859504132231405,0.7272727272727273,26.09579164590113,own third,59.08,False
171,1,0,62655,62671,41:46,17,0.68,1,1.0,0.07286945611434231,1.0,0.0,53.5551945232903,middle third,64.56,False
172,0,1,62766,62825,41:50,60,2.4,2,1.6333333333333333,0.5735228657047834,1.0,0.95,47.95671021981457,middle third,3.76,True
173,1,0,62830,62868,41:53,39,1.56,1,0.9743589743589743,0.08807654018908358,0.9743589743589743,0.8461538461538461,72.81281052880654,attacking third,0.16,True
173,1,0,62954,62965,41:58,12,0.48,1,1.0,3.7423753354517686,1.0,1.0,101.57538654531942,attacking third,5.12,False
173,1,0,63064,63142,42:02,79,3.16,1,0.7848101265822784,1.0462022624404919,0.7848101265822784,0.7341772151898734,82.08411976563094,attacking third,9.52,False
173,1,0,63178,63197,42:07,20,0.8,1,0.7,2.4632813120556896,0.7,0.0,75.47463698393342,attacking third,14.08,False
173,1,0,63253,63298,42:10,46,1.84,1,0.3695652173913043,3.666353797487621,0.3695652173913043,0.6304347826086957,60.08001655631983,middle third,17.08,False
173,1,0,63348,63433,42:13,86,3.44,3,1.7209302325581395,0.8892873237333166,1.0,1.0,47.2773469778209,middle third,20.88,False
176,0,1,63930,64143,42:37,214,8.56,2,1.0233644859813085,0.04248932250213621,0.7570093457943925,0.7757009345794392,70.3597132898432,attacking third,0.84,True
176,0,1,64170,64293,42:46,124,4.96,1,0.5403225806451613,0.006732245553388234,0.25,0.9032258064516129,57.127482721088775,middle third,10.44,False
176,0,1,64455,64536,42:58,82,3.28,2,0.7317073170731707,1.1426890218655965,0.5,0.8170731707317073,13.915576505489298,own third,21.84,False
177,1,0,64626,64684,43:05,59,2.36,1,0.8813559322033898,0.015812265238792082,0.8813559322033898,1.0,75.63733074659534,attacking third,0.0,True
178,1,0,65091,65172,43:23,82,3.28,1,0.9024390243902439,0.10840350158928636,0.9024390243902439,1.0,72.44092606053229,attacking third,1.6,False
179,0,1,65295,65399,43:31,105,4.2,1,0.2857142857142857,1.0398734374455398,0.22857142857142856,0.44761904761904764,49.02993468526899,middle third,4.88,True
180,1,0,65698,65797,43:47,100,4.0,1,0.67,2.0571414838349593,0.6,0.66,57.974417110701154,middle third,11.92,False
181,0,1,65861,65892,43:54,32,1.28,1,0.5625,2.253983643625215,0.34375,0.625,34.715631533891525,own third,0.64,True
182,0,1,66178,66211,44:07,34,1.36,1,0.9411764705882353,0.22492101255893807,0.9411764705882353,0.9411764705882353,72.73183809738327,attacking third,6.52,False
182,0,1,66312,66328,44:12,17,0.68,1,0.6470588235294118,4.086899490050404,0.6470588235294118,0.9411764705882353,84.34216427747458,attacking third,11.88,False
182,0,1,66360,66435,44:14,76,3.04,1,0.5526315789473685,0.31624851003703974,0.47368421052631576,0.5394736842105263,63.139769280706965,middle third,13.8,False
183,1,0,66448,66627,44:17,180,7.2,3,1.1166666666666667,0.0817420139893658,0.8555555555555555,0.8055555555555556,53.288259973059326,middle third,0.48,True
185,1,0,66726,66844,44:29,119,4.76,1,0.7142857142857143,0.002098638437952696,0.6302521008403361,0.7226890756302521,58.08758579621775,middle third,1.16,True
186,0,1,66891,66927,44:35,37,1.48,1,0.7567567567567568,0.8900553050476734,0.7567567567567568,0.5135135135135135,50.60685553028296,middle third,0.64,True
187,1,0,66973,67014,44:38,42,1.68,1,0.7619047619047619,2.161110962395423,0.7619047619047619,0.7619047619047619,57.66005390229498,middle third,1.8,True
187,1,0,67091,67188,44:43,98,3.92,1,0.5918367346938775,1.319684301064455,0.5510204081632653,0.5510204081632653,47.3906581674146,middle third,6.52,False
187,1,0,67287,67326,44:51,40,1.6,2,0.7,1.9975395257287185,0.4,0.2,56.156903887128664,middle third,14.36,False
188,0,1,67341,67396,44:53,56,2.24,1,0.25,2.102346336063185,0.23214285714285715,0.0,76.0646963043796,attacking third,0.52,True
189,1,0,67512,67538,45:00,27,1.08,1,1.0,0.17806061594590697,1.0,1.0,22.733909709192446,own third,0.44,False
190,0,1,67539,67721,45:01,183,7.32,3,1.1912568306010929,0.2982890102938577,0.8743169398907104,0.7868852459016393,77.0045045683711,attacking third,0.0,True
191,1,0,67734,67761,45:09,28,1.12,1,0.39285714285714285,2.655670917203502,0.39285714285714285,1.0,57.145048421579816,middle third,0.48,True
191,1,0,67906,67967,45:16,62,2.48,1,0.9516129032258065,1.9453337467890361,0.9516129032258065,0.9838709677419355,60.404928549742266,middle third,7.36,False
191,1,0,68011,68030,45:20,20,0.8,1,0.9,0.464384160295083,0.9,0.0,28.210569773158255,own third,11.56,False
192,0,1,68045,68061,45:21,17,0.68,1,1.0,1.8862561072217137,1.0,1.0,80.51699375606076,attacking third,0.56,True
192,0,1,68153,68217,45:26,65,2.6,3,1.7538461538461538,0.5371901570474237,0.9846153846153847,0.6461538461538462,45.75012595062062,middle third,4.88,True
193,1,0,68304,68336,45:32,33,1.32,1,0.8484848484848485,2.318931291749983,0.8484848484848485,0.0,80.12442411367688,attacking third,3.44,True
193,1,0,68373,68465,45:34,93,3.72,1,0.5591397849462365,1.0203589589775817,0.5053763440860215,0.3225806451612903,100.58338930001099,attacking third,6.2,False
194,0,1,68560,68573,45:42,14,0.56,1,1.0,0.9659608613457171,1.0,0.0,31.4192698051979,own third,2.32,True
195,1,0,68681,68865,45:47,185,7.4,1,0.3621621621621622,1.8539358277180338,0.3081081081081081,1.0,48.529508924150946,middle third,4.28,True
198,1,0,69995,70043,46:39,49,1.96,2,1.183673469387755,0.008694133488920513,1.0,1.0,29.10171468774763,own third,1.16,False
