team,position,players,press_seconds,episodes_led,episodes_joined,mean_height_m,share of team press seconds %,press seconds per player
ATM,ST,2,107.4,50,76,50.3,29.1,53.7
ATM,CM,2,78.5,31,69,32.8,21.3,39.2
ATM,LM,1,49.1,17,33,36.8,13.3,49.1
ATM,LB,1,43.3,15,27,19.0,11.7,43.3
ATM,RM,1,41.8,25,35,41.3,11.3,41.8
ATM,RB,1,26.2,12,20,39.6,7.1,26.2
ATM,CB,2,22.6,11,24,26.7,6.1,11.3
BAR,CM,3,119.4,51,84,58.4,40.2,39.8
BAR,RW,1,46.3,24,35,81.4,15.6,46.3
BAR,LW,1,46.0,24,33,63.4,15.5,46.0
BAR,LB,1,26.4,13,25,52.2,8.9,26.4
BAR,ST,1,24.6,9,17,74.4,8.3,24.6
BAR,RB,1,21.9,8,14,66.4,7.4,21.9
BAR,CB,2,12.3,3,11,43.7,4.1,6.2
