event_id,start,end,peak_frame,press_team,attacked_team,dur_s,p_peak,p_mean,p_carrier,n_pressers_mean,n_pressers_max,nearest_m,main_presser,x_press,height,trigger,since_loss_s,outcome,t_regain_s,depth,width,hull_area,line_height,near10,near15,mean_dist_ball,team_name
0,212,240,229,1,0,1.16,92.8227360503364,53.03241160021591,79.18369174587005,1.3448275862068966,3,3.0498180472683045,Inigo,39.23916343087534,mid,set_press,,regain,3.52,29.831889345929426,37.325553616721706,745.7379824668651,46.52251685922316,2,5,16.21193175911587,BAR
1,264,299,278,1,0,1.44,117.19280474880323,44.102669546606336,82.6090275687962,1.2777777777777777,3,2.658115827875756,Pedri,47.15850644087282,mid,set_press,,regain,1.44,22.42196089737905,30.086168206933028,468.63123433394514,44.857526161176196,5,7,10.811440270879883,BAR
2,1202,1241,1231,0,1,1.6,57.14872655759575,43.548858286024405,45.71865574603716,1.0,1,3.330557024551066,Simeone,79.29563219686337,high,set_press,36.12,escaped,,34.7686700443011,46.442331199045924,948.4784028078261,64.67032121556055,2,3,26.410155489092215,ATM
3,1607,1647,1626,0,1,1.64,132.53623638554768,66.81666517831393,85.73420240187306,1.375,2,2.7640549454929406,Lenglet,36.638224984874384,mid,set_press,52.32,regain,1.96,8.217466485083335,41.885693123735145,253.84544195959882,41.132721882266495,2,3,20.557443467717476,ATM
4,1828,1872,1840,1,0,1.8,63.05774176626254,39.16761760834547,47.8061344851313,1.0222222222222221,2,3.5088344410196557,Fermin,79.27315660942207,high,set_press,6.92,stoppage_out,,33.09601749517988,38.07200585656522,925.3036747894607,67.03861201715378,2,2,26.790863386988434,BAR
5,2142,2168,2167,1,0,1.08,73.70760789555239,59.79727316054233,80.99189586721265,1.0,1,1.0004769470484691,Pedri,67.50539742940423,mid,set_press,19.48,regain,1.08,37.788972023206,43.12752736372005,1160.9263098301005,70.64001534735426,1,4,21.932631308315806,BAR
6,2169,2194,2169,0,1,1.04,64.62884876451963,55.33293084571091,63.003266718174444,1.0,1,2.3488622391056824,Griezmann,41.31637177790253,mid,counterpress,0.04,escaped,,22.08465307631421,32.26975261914989,476.122825998236,26.517052116482727,1,3,22.9488145196936,ATM
7,2357,2390,2386,0,1,1.36,73.46060425525452,51.485222205691265,51.1099098258582,1.0,1,2.716711707680903,Javi Galan,34.447342951851496,low,set_press,7.56,escaped,,18.142669499893074,47.118497919647425,520.1749065408453,31.8778823745832,2,3,26.23754902420337,ATM
8,2826,2866,2835,1,0,1.64,142.78984101826512,75.75552627171962,53.66767080052039,1.829268292682927,4,2.5334954602514514,Pedri,76.70111106323853,high,counterpress,3.64,escaped,,21.91605868039437,37.843083768457916,580.5985541567508,71.51245928499824,5,6,11.876524274793251,BAR
9,3679,3713,3680,0,1,1.4,88.23888407492932,39.13176408458215,73.20882346793142,0.8571428571428571,2,2.52335488706783,Javi Galan,24.829306205634225,low,set_press,27.24,escaped,,20.908898929338136,40.74292483029678,545.6429386967444,24.944751124170597,3,6,13.471250057690819,ATM
10,3785,3811,3801,0,1,1.08,56.82010305243119,44.47604465910211,0.0,1.0740740740740742,2,2.5856567699275472,Llorente,23.257588443113917,low,set_press,31.48,regain,1.16,17.070337291086247,32.1966440116332,382.8728729782627,21.346431216437527,2,4,19.58528622286226,ATM
11,4019,4044,4033,0,1,1.04,80.22383023036448,46.23461083529148,48.01190993589386,1.1923076923076923,2,2.5157308148920374,Alvarez,24.35811096382571,low,set_press,5.8,regain,1.6,11.249482944017288,28.454201171448265,193.17563788200692,17.141174537719692,6,8,8.632143534775587,ATM
12,4482,4507,4484,0,1,1.04,64.9836008215774,40.282088986994026,,0.8461538461538461,1,3.0227939745843693,Gimenez,21.64211917510424,low,set_press,11.76,escaped,,14.555492196605513,34.82133787217406,378.41840511016306,25.32597953422896,3,6,12.293270066003549,ATM
13,4546,4581,4574,0,1,1.44,42.78306740621761,35.019294501703385,50.38579087602096,1.6111111111111112,2,4.23216427641479,De Paul,33.50210641715161,low,set_press,14.32,escaped,,16.848169304552115,34.972540699796625,453.1782446131216,24.60772242868395,3,5,18.1958130514543,ATM
14,4636,4663,4638,0,1,1.12,47.45562660498593,36.81524730599549,50.47577085508652,1.0,1,3.902956806399462,Simeone,22.432002825060806,low,set_press,17.92,escaped,,19.25149376075592,37.27702500936879,504.8771480697476,20.485626268720043,3,4,21.72024314610432,ATM
15,4799,4825,4819,0,1,1.08,57.77187276555179,51.42625273426003,31.84955637451665,1.0,1,2.5334616506806706,Alvarez,37.053003255941604,mid,set_press,24.44,escaped,,21.888389480697583,38.061419395855935,534.614373578981,23.88722093488762,1,2,19.394695589443486,ATM
16,5026,5073,5035,0,1,1.92,103.93541832427977,59.91669367387982,68.49528824999534,1.1458333333333333,3,2.089392939450177,De Paul,30.69879418299739,low,counterpress,1.76,regain,1.92,17.180632460089598,26.47384466602538,354.5378846971897,29.57215459152235,6,8,8.939036142675427,ATM
17,5074,5171,5107,1,0,3.92,115.24384036531961,50.22307621525273,64.53858313437748,1.2653061224489797,2,2.8943939647426804,Lewandowski,74.60014451841015,high,counterpress,0.04,escaped,,18.875898098890097,34.10943073326068,513.3765977513588,69.18518701744543,6,7,11.844594072138065,BAR
18,5197,5245,5226,1,0,1.96,72.58786245838724,49.36548942632656,64.65155537623758,0.9795918367346939,2,2.7930322310360465,Kounde,83.14592071213337,high,counterpress,4.96,escaped,,30.131183037391168,46.11127468811618,1031.5277472354448,70.7232369207282,2,3,24.796015871793223,BAR
19,5589,5615,5601,0,1,1.08,91.38793430527733,59.43388954834095,53.20359461357787,1.0,1,1.4124439043210157,Gallagher,37.931212539813416,mid,counterpress,0.36,regain,1.08,21.94641631688834,37.7948513164388,570.1637676309258,33.79580848089165,4,4,18.953047237755136,ATM
20,5916,5944,5942,1,0,1.16,82.85344188860587,44.85121052852585,12.832970407425838,0.9655172413793104,2,2.0631295880012557,Gavi,79.5150558452479,high,counterpress,0.04,regain,1.16,30.796493165698735,49.30211992752872,1076.9250403236524,76.19520026075831,2,3,19.284292548474337,BAR
21,5994,6085,6012,0,1,3.68,155.1498236379103,77.45245221823374,74.08625449193197,2.130434782608696,4,2.2983077464588497,Javi Galan,12.251216015111396,low,counterpress,2.0,regain,3.76,29.77604342729626,13.937516383635732,316.0861952652811,15.35548985186562,5,7,9.542958484845938,ATM
22,6204,6241,6230,0,1,1.52,155.59135296462543,77.95219764934603,75.60265860945199,1.736842105263158,2,2.1879213587822406,Alvarez,20.372935418508476,low,counterpress,1.28,escaped,,22.086560727277345,31.15185063146498,402.1538758845439,17.694765950805113,4,4,17.755726660256222,ATM
23,6673,6748,6746,0,1,3.04,101.58496424211638,63.67213750700052,66.89863928511393,1.2105263157894737,2,1.8862351043940049,Gallagher,16.43414267111862,low,set_press,20.04,escaped,,16.385666729409138,26.284767346504488,251.40555665970322,13.044753490843913,4,6,10.843687538022982,ATM
24,6773,6811,6792,0,1,1.56,86.06179574973461,48.0774385828293,23.84523071915892,1.5897435897435896,2,2.264405319368576,Gimenez,2.967893542344825,low,set_press,24.04,escaped,,14.565056451828667,21.286910984066047,209.5251440931925,12.677601513668435,5,9,7.93225927376893,ATM
25,7021,7077,7073,0,1,2.28,159.57434244742853,96.51572306837166,102.55855582942077,1.8771929824561404,2,1.480904795593863,Javi Galan,9.297337498491004,low,set_press,33.96,regain,2.28,16.70422628264889,33.90068601950632,262.5673259561735,10.439382532648548,3,3,19.592089719357443,ATM
26,7078,7123,7115,1,0,1.84,94.62186353190081,55.650380670115645,68.70000738432383,1.891304347826087,3,1.6383918812483866,Gavi,99.92010384950308,high,counterpress,0.04,escaped,,23.652039747971813,33.24995361452624,615.6382396105394,85.94908054414077,3,4,19.423310730165102,BAR
27,7413,7442,7433,0,1,1.2,49.73091779808836,39.44690366137866,58.993565125637495,1.7,2,1.5497520695854983,Alvarez,34.01859326426472,low,set_press,8.24,regain,3.4,17.979296917681978,28.904162253533293,339.6324893828368,26.50714607505508,4,8,11.703673057396255,ATM
28,7460,7497,7488,0,1,1.52,119.75346828104567,82.40944912958354,65.75279237445868,1.7894736842105263,3,2.2089092033994615,De Paul,26.694233878763768,low,set_press,10.12,regain,1.52,16.01545473467779,21.808866838753147,224.50711340820516,21.57772691099771,6,9,8.224447939619763,ATM
29,7628,7656,7651,0,1,1.16,88.08892779148702,47.22671513233434,52.29764811172426,1.1379310344827587,2,3.1546972142670917,Llorente,17.380947592067912,low,counterpress,4.6,escaped,,15.497465582716472,28.957124707860075,248.8651209180971,15.102581916933303,2,4,18.636168308125697,ATM
30,8709,8746,8713,0,1,1.52,80.40453763887756,61.71430502795458,70.51956565471863,1.5263157894736843,3,2.3958457936609303,Griezmann,59.091744574336424,mid,counterpress,3.84,escaped,,22.827939155774303,36.12922038898612,588.1480833334113,53.68294003715589,4,6,14.745357182286009,ATM
31,9441,9478,9451,0,1,1.52,96.81022276546294,53.680696988499754,33.94791144521237,1.2105263157894737,2,1.9274902155006954,Barrios,13.967255083644233,low,set_press,33.12,regain,1.52,28.844191437834724,34.528239350218975,560.8534643144616,19.53106458970691,4,6,14.245407495983144,ATM
32,9479,9504,9487,1,0,1.04,94.01434765300353,65.35906214460238,110.18526344316605,1.6538461538461537,2,1.9156804170304997,Kounde,92.86902849876564,high,counterpress,0.04,regain,1.04,28.056501428564204,45.71628277563006,893.6217897320947,81.32596180878066,3,5,16.444851282963505,BAR
33,9505,9549,9528,0,1,1.8,129.27421110771203,94.84253492371533,106.89626092452147,2.2888888888888888,3,1.9882650756978244,Gallagher,18.229256718965274,low,counterpress,0.04,escaped,,26.11093344166015,31.16804989012258,410.7799698741427,16.822257094542294,5,6,10.567370962827852,ATM
34,9893,10020,10001,0,1,5.12,94.47370961215847,61.75540117028816,73.48604009037241,1.21875,2,1.6172916453185893,Javi Galan,13.568517001636508,low,set_press,15.56,stoppage_out,,34.01538758177867,26.720751164398624,440.93099351885087,10.238226444626466,2,5,17.211280372611775,ATM
35,11071,11150,11138,1,0,3.2,103.80294489539297,48.920367751174844,60.59600179286108,1.0875,2,2.9716548899922928,Fermin,47.58108488022425,mid,set_press,38.48,escaped,,18.54879759852986,31.103196176337846,419.5463579713905,49.46397409594712,3,4,16.288486092087346,BAR
36,11330,11354,11347,1,0,1.0,52.26757861426267,41.98371717413249,54.331569750719986,1.0,1,3.4599574065897167,Kounde,53.10149746394329,mid,set_press,48.84,escaped,,24.012418200086117,45.0999792183475,647.0539416224501,51.833488884950455,2,2,25.984357461302796,BAR
37,11382,11443,11439,1,0,2.48,102.99668951392599,49.10397459421127,49.29805430382151,0.9032258064516129,1,2.676272795902918,Casado,59.56223134493236,mid,set_press,50.92,escaped,,20.308502793034265,37.92761450102846,473.3180065256623,54.278971781875306,3,5,15.7836798825056,BAR
38,11460,11493,11487,1,0,1.36,84.76845845956595,58.95269014085745,79.14159448254615,1.0,1,2.0358451333396093,Kounde,51.357351457426624,mid,set_press,54.04,escaped,,23.165298275180703,42.26011207776204,641.1758580897707,52.82557040661381,2,4,21.057700931573645,BAR
39,11523,11578,11576,1,0,2.24,133.5940295457816,74.46904301277165,81.64252195397691,1.625,3,1.0367079204778606,Casado,41.30050290960095,mid,set_press,56.56,regain,2.24,29.391513966736078,44.745046619157364,951.3598686730588,43.6178794779034,3,5,19.537103375488858,BAR
40,12247,12290,12280,0,1,1.76,78.65131620505412,39.17637203997501,34.804275365370444,0.8409090909090909,1,3.27927190749043,De Paul,44.69207449729436,mid,counterpress,0.08,regain,2.96,23.558793528096743,33.04669325057175,424.61485612353516,40.86637055210034,4,6,11.613657241917217,ATM
41,12462,12496,12479,1,0,1.4,63.0096625307153,46.35431324377957,56.42848706111791,1.1142857142857143,2,2.7193360433775795,Lewandowski,84.47687435282414,high,set_press,5.68,escaped,,33.17036295715201,41.81529284746232,908.2721169676742,64.37300597948925,2,3,24.605987653450562,BAR
42,12523,12590,12541,1,0,2.72,82.44638050584845,43.755353591258306,54.93212319448952,0.9411764705882353,1,2.983494208180604,Raphinha,72.1726071723194,high,set_press,8.12,escaped,,27.929575335451588,39.87311452585512,821.1526224096558,61.19293293808465,3,4,21.486398690828146,BAR
43,13470,13506,13499,0,1,1.48,75.89394069078901,42.247594350243524,38.61945622082154,0.8378378378378378,1,2.428058099301798,De Paul,32.715482862763906,low,set_press,26.6,escaped,,21.17693449789556,37.185534811798064,554.50581619527,27.610610147400383,2,6,14.111789536763462,ATM
44,13576,13619,13578,0,1,1.76,87.15995860625118,25.02051055091623,36.982428810795405,0.6818181818181818,2,2.9371944880058978,Oblak,10.874915911703226,low,set_press,30.84,escaped,,26.713901599804075,30.19340715208263,485.1134072563528,19.599014920479206,2,4,18.197060866045312,ATM
45,13918,13949,13947,1,0,1.28,87.41359170141591,58.87182091499329,32.285384789205004,1.0,1,2.3877042657811733,Casado,99.01238569959466,high,set_press,5.28,regain,1.28,34.4111144592713,40.93698539378217,500.5861331936806,88.74601848540074,2,6,15.600440492012174,BAR
46,14517,14576,14568,0,1,2.4,70.25587004249697,43.62160154457584,60.49119819074166,1.0,1,3.2788093762477675,Simeone,48.813960116786006,mid,counterpress,0.24,escaped,,31.42601367977126,33.679719764869624,529.6959321028668,34.33102511939695,1,1,28.075426836615772,ATM
47,14948,15004,14990,1,0,2.28,92.763613561327,45.26649976611217,37.459645208021605,0.8771929824561403,1,1.9929039297014142,Raphinha,97.79618508311339,high,counterpress,3.4,escaped,,45.23816831361977,39.25449337548043,1114.1506649385087,72.70688524063947,2,3,28.054867533722074,BAR
48,15517,15551,15550,1,0,1.4,89.37328716178901,50.06058349891581,62.97585320568578,1.0,1,2.111444655347825,Casado,65.17177255993468,mid,set_press,26.16,regain,1.4,22.201267473625478,35.251473660235746,676.8724064484331,60.19085882671526,3,5,15.366559786665594,BAR
49,15620,15657,15644,0,1,1.52,81.74291124766218,58.533955095416765,65.95573574328162,1.0,1,1.6982377703861804,Barrios,28.285030563763,low,counterpress,2.76,regain,1.52,33.30494310250103,56.81710655372477,1339.2447352479553,31.379139049680976,2,3,26.361444828960014,ATM
50,15820,15844,15823,0,1,1.0,92.85162126243408,44.41386414301218,,1.24,2,3.3992545514884687,Gallagher,19.25481116612721,low,counterpress,3.16,escaped,,26.74151172059962,41.01903617076397,709.0577838618458,21.710672384764237,4,4,19.916401783405924,ATM
51,16268,16325,16319,0,1,2.32,60.97237323615654,50.59933393809033,54.87920291846602,1.0,1,2.621512739801209,Alvarez,37.731411250100265,mid,set_press,21.08,escaped,,19.541262166483477,35.49239041699684,467.93603524376215,25.189144506209697,1,4,19.462062993191346,ATM
52,16470,16496,16493,0,1,1.08,77.66914792929892,46.607970030208655,35.43601254401132,1.0,1,3.0303529631240735,Javi Galan,22.756948341429435,low,set_press,29.16,escaped,,22.17748799357389,41.52124373340397,506.2143881728297,20.150645544589842,2,3,24.25630255127279,ATM
53,16564,16608,16594,0,1,1.8,89.50564897931068,53.63396833067492,,1.3333333333333333,2,2.3361873333349923,Lenglet,1.9404448976970627,low,set_press,32.92,regain,2.76,22.503310641486678,34.372317182990045,477.37170231533423,11.59998527829158,4,7,11.621705339522169,ATM
54,16712,16768,16741,1,0,2.28,107.84124805002791,71.92943473011047,84.20438414098163,1.5087719298245614,2,1.157454794444233,Gavi,82.9839360715803,high,counterpress,3.24,escaped,,30.33396571054891,35.71469687526331,843.2091906813546,73.58236572336781,3,4,20.60655753469545,BAR
55,16781,16844,16796,1,0,2.56,65.88519309415922,54.20642094246196,18.54684835181333,1.828125,2,2.5757980332726467,Gavi,77.16259481163067,high,set_press,6.0,escaped,,30.3349172329848,33.796933527593104,818.3158773470661,70.94784765621465,4,4,20.593199050588826,BAR
56,17071,17127,17083,0,1,2.28,88.75968410272004,53.04833268153836,77.92130251595991,0.9122807017543859,1,1.7043473688682043,Barrios,27.955038993675956,low,counterpress,4.12,regain,2.28,33.50428872453037,47.60376244213768,1267.169281762542,32.379032200810855,3,4,20.35396403762946,ATM
57,17128,17166,17153,1,0,1.56,67.54795913660413,52.852305103454945,74.69883752127087,1.1282051282051282,2,2.58767393321127,Kounde,75.44663914183812,high,counterpress,0.04,escaped,,31.484759297404352,34.490690929350706,683.7560730840736,68.95121406163943,3,7,15.109916415504319,BAR
58,17181,17221,17203,1,0,1.64,63.61845849536338,35.106155551903804,59.49868996144301,0.9024390243902439,2,3.955252194536163,Gavi,80.90805973591958,high,counterpress,2.16,escaped,,32.455331451131556,32.791127296038816,750.6378676968493,70.20725832407868,4,4,18.703018286793043,BAR
59,17814,17859,17854,0,1,1.84,97.94252182194458,68.03472165841275,53.76590819318049,1.0217391304347827,2,1.3226355468458169,De Paul,33.664315545950615,low,set_press,13.88,regain,1.88,30.959078435297705,40.470009224398275,966.1168166555054,33.778355634462365,2,4,15.950620434663142,ATM
60,17886,17914,17911,1,0,1.16,96.6149352170934,57.933831192605595,62.949716785243254,1.0689655172413792,2,1.9738088151922004,Pedri,76.63322208776054,high,counterpress,1.04,escaped,,27.770146341034938,35.23928953495348,685.2011927406442,64.27733291501507,2,3,16.37280777436265,BAR
61,20462,20494,20492,0,1,1.32,58.52645893189808,38.45785296812354,26.68497199596623,1.0,1,2.5352327926220886,Gimenez,13.384511935472887,low,counterpress,0.2,escaped,,37.577970491422754,37.73340688829944,1020.7962909707769,34.68605429109139,1,2,22.25216015995783,ATM
62,20624,20670,20655,1,0,1.88,96.21118440743788,72.08016742055189,58.514232056073524,1.0,1,1.3461185385337835,Gavi,57.640719966734835,mid,counterpress,1.84,regain,1.88,25.488332148198552,40.27743583848161,637.2639917999243,56.968975538418455,3,6,14.07413820813782,BAR
63,21673,21706,21701,0,1,1.36,80.65906012422427,58.168590860286386,60.19327049840579,1.7352941176470589,2,3.10259746777885,Griezmann,28.666008278542435,low,set_press,40.12,escaped,,16.612564264755477,31.89843691090058,368.2719697921672,19.194271857699334,2,4,16.89398661036191,ATM
64,22503,22548,22509,0,1,1.84,47.53187384709741,37.7650547488712,37.29019387390138,1.0,1,3.7511057805499526,Simeone,50.663374740859204,mid,counterpress,3.04,escaped,,30.295004135523172,43.76449763858248,989.2060407187813,39.72572607560572,2,3,27.120213496020746,ATM
65,22851,22895,22851,0,1,1.8,86.39194502736342,61.51634795466494,64.33883947339227,1.0,1,2.0736696860408044,Alvarez,44.471225927501266,mid,set_press,16.96,escaped,,15.68861499421807,31.85494535841874,401.4131875371112,35.350352454018555,3,4,15.142847051857178,ATM
66,24573,24622,24619,1,0,2.0,70.6098040614625,49.61151252914571,67.51451306725629,1.0,1,2.7993458571223293,Fermin,97.14025468908957,high,set_press,15.32,regain,2.0,35.43053845314445,51.35975422447949,957.7627548269375,85.91316034277028,1,2,29.756465105125198,BAR
67,24847,24915,24911,1,0,2.76,146.816890852962,88.84057376188599,109.42797924497337,1.7826086956521738,2,1.024948219107292,Casado,55.6002970085399,mid,set_press,6.12,regain,5.52,30.47150751927525,29.455164893801772,566.5987175464031,53.13454053414931,3,4,19.863222143259552,BAR
68,25228,25344,25256,1,0,4.68,74.72188768389091,52.55886496393569,57.99446594617303,1.264957264957265,2,2.5778745516202446,Casado,51.68503433540353,mid,set_press,5.04,escaped,,10.590866026622734,42.20073605695262,284.5074952889481,49.98166198157439,3,4,17.866252343796972,BAR
69,25417,25450,25437,1,0,1.36,84.38668108922634,55.90622271118883,65.51831469110756,1.2058823529411764,2,2.1975587288625684,Fermin,58.33922511298615,mid,set_press,12.6,escaped,,13.258491151538536,36.25387723073547,257.1641036647163,49.65583626491005,3,5,15.251804183976269,BAR
70,27471,27525,27515,0,1,2.2,157.35506199778857,75.57751711331582,88.57258819656356,1.4,2,1.853666516890721,Gallagher,80.08824576613847,high,set_press,47.92,escaped,,34.43180376332967,34.52617029487958,691.6063958127648,69.48668711755401,3,5,18.534580427662323,ATM
71,27901,27925,27916,0,1,1.0,111.68367450995731,69.48390519711457,79.14500562491307,1.72,3,2.0683842559012704,Griezmann,74.34827939103486,high,set_press,65.12,regain,1.04,33.79467303491704,33.47750653531456,685.594361373962,67.81772599594473,4,5,15.41591987831399,ATM
72,28097,28125,28110,1,0,1.16,89.98153413003291,44.99164812495054,58.77755397911304,0.9310344827586207,2,3.0367851695205546,Pedri,48.10698855352414,mid,counterpress,0.36,escaped,,20.662229906984756,43.27572293492755,707.5336521655172,47.05410486590348,5,7,12.749311331145803,BAR
73,29177,29205,29192,0,1,1.16,92.79996261774215,80.38879937477657,45.76370818088935,1.3103448275862069,2,0.8990201516669889,Simeone,21.989301854020567,low,counterpress,0.04,regain,1.16,19.613055480388,28.0370600795969,380.08335951862216,20.413284783707656,3,6,14.632703001155491,ATM
74,29524,29557,29554,0,1,1.36,64.31985655647952,46.95105735138841,41.357124225927045,1.0,1,2.5347626386435347,Barrios,29.836852579762052,low,set_press,8.6,escaped,,15.69665705185119,30.14163836677045,338.9279256862141,24.297959513986342,5,8,12.265138696595395,ATM
75,29592,29652,29638,0,1,2.44,125.718262052066,57.53739776686982,53.87576896108017,1.1967213114754098,2,2.4312029580159082,Javi Galan,16.835335544535056,low,set_press,11.32,regain,4.92,17.688517750560052,29.93374686252274,289.1985393726671,15.087760546490596,3,5,14.849384712446334,ATM
76,29688,29714,29696,0,1,1.08,129.58579583679398,62.59679482959246,,1.7407407407407407,3,3.6817924269403295,Llorente,2.2051955734225714,low,set_press,15.16,regain,1.08,20.471346412782935,25.414580920915387,214.22593101756468,11.87999414937458,3,5,15.751492659229783,ATM
77,31639,31670,31648,0,1,1.28,95.04607119285915,59.958205139601276,44.610130044341034,1.59375,2,1.8146628115432577,Gallagher,10.501809202664745,low,counterpress,3.44,regain,1.36,13.745308153557104,31.738077165919403,311.1786064622115,15.016021137686828,3,4,17.431653374719453,ATM
78,33199,33224,33220,0,1,1.04,53.700853345802344,39.61103475474515,50.28517579115397,1.0,1,3.0859649512323584,De Paul,29.521363649021183,low,set_press,27.44,escaped,,18.704534090482326,33.53386196723361,343.3508614987896,20.5579633183688,3,6,15.441803732145843,ATM
79,34313,34365,34361,0,1,2.12,54.1531528449568,41.673570213452145,36.5843909615441,1.0,1,3.5917150476390027,Gimenez,15.72395800977759,low,counterpress,4.16,escaped,,41.626909829519974,56.11567570612998,1396.2280589590885,30.238877514550204,2,2,23.724141660920427,ATM
80,34427,34464,34464,0,1,1.52,68.59416459405337,44.69364613851702,,1.0,1,1.5463310817311735,Gimenez,14.527850159011734,low,set_press,8.72,regain,1.96,41.14292021175655,54.90067339499252,1692.9417109744904,32.95002948787642,2,2,26.03031518878161,ATM
81,34590,34646,34627,1,0,2.28,95.10280928512557,63.20055430790361,65.84815811334568,1.0,1,1.6924836085120307,Raphinha,68.51222882254697,mid,set_press,5.04,escaped,,29.483562994114536,38.101249610349676,761.1172443858676,58.13844784111983,2,4,21.600981182960396,BAR
82,34827,34868,34834,1,0,1.68,71.79181022680933,69.29753326642142,44.45600960759279,1.0,1,1.687940790023157,Raphinha,60.48279530058053,mid,set_press,14.52,escaped,,33.28075861541829,35.94134453015461,709.8507133538451,54.985230641932084,1,4,19.28475959528613,BAR
83,35128,35174,35139,1,0,1.88,51.17847151884271,40.12714622841367,45.00896016383128,1.1063829787234043,2,3.6635578104520414,Fermin,26.44975545484176,low,set_press,26.56,escaped,,36.63514306217374,45.83109989032892,895.8231142961881,30.3730363304892,2,3,23.217650151744028,BAR
84,35394,35429,35424,0,1,1.44,54.0570404366818,42.72034784314333,47.945762311161026,1.0,1,3.182743128946889,Gallagher,95.68785029918732,high,counterpress,1.48,escaped,,42.86321474622193,43.85809535580095,1074.8758164286255,73.07229850720127,1,2,32.551747443945004,ATM
85,35490,35563,35496,0,1,2.96,87.20665457219876,62.71334217266812,61.21676144939732,1.364864864864865,3,2.0628687053128956,Griezmann,77.06812201750863,high,set_press,5.32,escaped,,40.00131788453867,39.47871160173762,943.5600497555561,66.87257949144401,2,4,18.274367617847716,ATM
86,35939,35974,35969,0,1,1.44,75.5165762972821,54.45474367860756,64.98187522681103,1.8055555555555556,2,3.771773014468083,Simeone,24.97393081642815,low,set_press,23.28,regain,4.28,21.272460546249064,31.206710444185934,398.73045500375196,23.24122733269514,2,3,18.706458861173303,ATM
87,36021,36045,36028,0,1,1.0,95.08025097878208,71.92323999494506,62.41470277760255,1.44,2,1.6415270954410364,Simeone,28.631923503950432,low,set_press,26.56,regain,1.0,14.90304055024977,30.117769712612713,305.5764440361605,22.919821931709812,5,5,14.344883285635884,ATM
88,36046,36072,36060,1,0,1.08,90.20089681219572,67.34207220036757,27.447053258858027,1.0,1,1.3858795683835565,Fermin,73.36150659417625,high,counterpress,0.04,regain,1.08,26.58977320922292,58.22738614754817,949.4813266762825,75.35481365443965,3,5,19.556401013064022,BAR
89,36073,36109,36073,0,1,1.48,46.167000145774836,36.05265961716224,57.759141833958,1.0,1,3.4936168522264097,Simeone,35.16741585714571,mid,counterpress,0.04,escaped,,16.97153063865258,34.56166875390194,361.81436141406516,24.42757485129593,1,5,18.71476605561962,ATM
90,36285,36424,36379,0,1,5.6,104.08671513003812,61.86783798993339,63.73206770788512,1.25,3,2.0713260976801875,Javi Galan,25.78052570600893,low,set_press,8.52,escaped,,19.282132395497626,34.69867259027807,435.8441469222458,15.609159426033091,2,4,18.09324804384999,ATM
91,38116,38167,38144,1,0,2.08,151.06967806243134,100.2960883270207,132.53584167483714,1.7884615384615385,3,1.2442873129586676,Balde,26.69478051213945,low,set_press,34.32,escaped,,46.17216493477646,43.778629040662636,901.2604657624252,31.594695102362742,3,5,19.399306548806045,BAR
92,38223,38307,38257,1,0,3.4,97.68023905854805,62.56247059664563,70.1329128154737,1.3764705882352941,3,2.5775738326778215,Casado,20.17783030225331,low,set_press,38.6,escaped,,39.69267654418957,48.831435748191566,691.650171601996,25.824693183187634,4,6,16.776454748977606,BAR
93,39870,39896,39888,0,1,1.08,179.17895653475023,119.69651482729189,122.09719821339293,2.4814814814814814,3,1.2706118850620114,Lenglet,61.384807158953166,mid,counterpress,1.08,regain,1.08,26.638819910151774,39.43304513162123,641.4553549673752,54.83523929302494,4,6,15.834802774915218,ATM
94,40961,40989,40985,0,1,1.16,84.269612813573,43.47688005990564,27.488230777484425,0.896551724137931,1,2.8184296108175575,Simeone,33.18262409133132,low,set_press,34.68,escaped,,17.740798879058815,38.56512814190572,570.0187120199093,25.474070124414734,2,4,21.389727058586516,ATM
95,41144,41182,41169,0,1,1.56,117.94873612268324,55.0006831859945,73.36086767347675,1.8974358974358974,3,3.910150306584666,De Paul,35.110158044697116,mid,set_press,42.0,regain,1.84,18.01483609570772,33.1633997096883,392.5822703820463,23.805449438206,3,5,14.183819892604529,ATM
96,41224,41249,41240,0,1,1.04,58.87187392537828,49.80339697305962,50.289685722634914,1.0384615384615385,2,3.2862267757476786,Simeone,28.334164633392817,low,counterpress,0.68,escaped,,18.70327367538067,33.28316899057322,391.64519199420226,22.004409679777165,2,5,17.317074486157182,ATM
97,41430,41464,41457,0,1,1.4,88.33622972693843,59.18354154205193,60.88720382764909,1.0,1,2.012111519781664,Javi Galan,22.024385498096606,low,set_press,8.92,escaped,,14.001161802065184,33.42374392156012,250.00002340501266,18.77056855125372,1,4,19.894165456203336,ATM
98,43594,43619,43614,0,1,1.04,43.91528628530425,38.56909293972089,42.71531893728683,1.0769230769230769,2,3.743390458153693,De Paul,44.26371944117034,mid,set_press,13.08,escaped,,17.203452806094916,35.30698836266588,421.3676462716566,31.407489211470775,2,3,19.145203698587267,ATM
99,43695,43758,43718,0,1,2.56,59.6663839594457,44.910130497661214,45.97369266467426,1.0,1,3.212630312784191,Simeone,27.587323355278357,low,set_press,17.12,escaped,,19.56341410461289,34.410755130794605,428.1878812822226,22.34772961311938,2,5,19.03104859818412,ATM
100,43900,43960,43955,1,0,2.44,155.04639555656667,59.42692921366541,15.988007749727775,1.1311475409836065,2,2.4408572984815704,Pedri,80.5389545618906,high,counterpress,0.08,escaped,,31.43969249947652,47.50210787366335,1013.744515384448,81.19501137109805,3,3,19.392269403951058,BAR
101,45474,45511,45511,0,1,1.52,62.90499161553106,44.24916653832877,,1.0,1,3.318530622180154,Griezmann,52.51861270409758,mid,set_press,14.2,regain,1.76,15.29532025744038,28.542106801813386,275.47083057452625,44.14741877427635,1,6,13.028822903281004,ATM
102,45997,46062,46019,1,0,2.64,68.64932598034727,41.02850206982461,66.93660983743497,1.1363636363636365,2,2.6207116590591077,Gavi,71.19729492140077,high,set_press,19.44,regain,2.96,27.6065814767407,37.20534631866964,764.6808995939471,60.943378474273516,2,4,18.852876268101134,BAR
103,48656,48707,48696,0,1,2.08,136.38811920429896,65.59308279193866,92.5446803524434,2.0384615384615383,3,2.622429773038844,Simeone,46.20833854974315,mid,set_press,26.6,escaped,,26.17106962759742,30.432367609375383,447.47954856273884,42.52805381188008,5,7,11.025182931217019,ATM
104,48906,48930,48929,0,1,1.0,51.337554939575234,40.29901252671444,40.07528637559765,1.0,1,3.6176315673912223,Alvarez,61.522270209880034,mid,set_press,36.6,escaped,,27.552881049665338,39.95097956846378,771.5708967297929,41.23450711301415,1,1,25.87731768648481,ATM
105,49231,49316,49311,0,1,3.44,60.03144736609995,43.48182564568324,49.597073942758215,1.0,1,3.279180468137858,Simeone,31.047776538648023,low,set_press,49.6,escaped,,19.411896427750364,36.987692392789505,505.71996416039485,24.032398471076203,1,3,21.958623221451354,ATM
106,49422,49450,49445,0,1,1.16,91.46878852549712,48.67547393084557,,0.896551724137931,1,2.452972479220721,Gimenez,41.45336534407032,mid,set_press,57.24,escaped,,29.27302183137916,33.2752654380177,669.8270214128597,36.03377037759685,2,6,14.417900569191554,ATM
107,50052,50154,50110,0,1,4.12,69.87486811024138,42.908115996436926,63.71684499532959,1.0388349514563107,2,3.1339921544683684,De Paul,56.10404270129431,mid,set_press,82.44,escaped,,34.411638250995736,44.249660207397305,837.6660873330916,55.623146504844385,3,4,22.457741744457543,ATM
108,50284,50317,50305,0,1,1.36,87.53575988524005,44.86555280230392,23.39728649352477,0.8529411764705882,1,2.5707707151887984,Barrios,63.09386319919058,mid,set_press,91.72,escaped,,34.162171343823516,43.285818673514115,1084.1642983153085,50.75668929751364,1,4,20.983777517355627,ATM
109,51269,51305,51284,0,1,1.48,57.37569135403825,46.79309164467338,60.51997182670705,1.0,1,2.093345643657238,Barrios,5.244865323323538,low,set_press,131.12,regain,3.16,42.096640749133385,34.58681474699018,939.4924967561988,19.185638325475335,2,3,24.165529761063784,ATM
110,51386,51423,51403,1,0,1.52,158.0543037641746,85.04957039969763,63.25672213983932,1.9473684210526316,3,2.306920266765877,Pena,102.88999157651713,high,counterpress,0.04,regain,1.52,42.376253470396506,40.8686231688743,1012.6713181198463,77.56789254319717,2,2,32.40986448699903,BAR
111,51466,51531,51522,1,0,2.64,78.72036254377764,53.71126157560498,58.903505480138755,1.0,1,2.494991286294776,Raphinha,101.50532372736977,high,counterpress,0.4,regain,2.64,41.811330132829134,38.34146026131168,1194.1346050147456,75.80089296638849,1,3,29.452784139310246,BAR
112,51610,51647,51616,0,1,1.52,46.300750944479276,41.74114181785423,40.56768118523468,1.394736842105263,2,2.1544753996546606,Lenglet,9.38507059379566,low,counterpress,0.6,regain,1.52,39.234703802006635,54.40179155256381,1709.4782063647026,25.851824580866396,3,3,27.302609241937784,ATM
113,52060,52114,52067,0,1,2.2,59.21932803333667,37.55296637643919,38.63895673300592,1.0,1,3.39101913878564,Griezmann,42.89005294294306,mid,counterpress,1.52,regain,4.56,31.491661125129838,48.54873128037367,1284.3938082959771,39.36034738945219,1,3,21.77486903428602,ATM
114,52658,52692,52663,0,1,1.4,39.53295976729076,34.736652039510844,29.322761594277154,1.0,1,3.9568542928576034,Llorente,33.673735454223305,low,set_press,7.84,regain,1.52,23.297125987517603,41.2170372064854,650.4267860955097,36.446593218360825,2,2,25.4576529140556,ATM
115,52696,52722,52697,1,0,1.08,100.10867976910411,75.89622266092455,6.209595741718008,1.1481481481481481,2,1.2048277140188646,Fermin,74.77085879301865,high,counterpress,0.04,regain,1.08,33.983891191460415,55.39518185387141,1272.5993167293086,66.86506451782387,2,2,27.641227684647582,BAR
116,52987,53017,53014,0,1,1.24,71.39244570501467,42.02977142126036,31.18471944517662,1.0,1,3.2342676368509458,Javi Galan,16.767162043873384,low,set_press,10.6,escaped,,27.381144632548526,38.77439768775649,634.4884545644705,20.723160871314303,2,3,23.53633726718143,ATM
117,53079,53108,53103,0,1,1.2,110.8802308602283,49.91091004238562,37.88914006264771,1.3,2,2.8199615004828065,De Paul,6.743090582864426,low,set_press,14.28,regain,2.24,30.479977907834453,30.73974955276463,496.4644280087093,13.41591262639514,4,8,11.05514085304702,ATM
118,53450,53499,53483,0,1,2.0,79.77532295685941,32.10345786285864,4.204803151912596,0.76,1,3.205463473743407,De Paul,33.137982509280434,low,set_press,9.48,escaped,,21.066212634106677,43.586852173705324,623.3727585820637,28.29832133579898,2,5,17.877004837798133,ATM
119,53548,53616,53593,0,1,2.76,109.82153794413973,68.98395028888199,79.03021301404289,1.1594202898550725,2,1.813058695478359,Gallagher,15.452828746747059,low,set_press,13.4,escaped,,21.747083864012026,41.2586397335525,581.6795892611715,19.914703006343988,2,3,23.33061162501003,ATM
120,53738,53777,53777,1,0,1.6,115.35302709584886,79.93958944876775,41.35095933061026,1.525,2,0.9681541053356606,Kounde,84.6628169219859,high,counterpress,1.52,regain,1.6,28.79314394152813,44.423129799760716,957.4883677539093,75.15207991433333,3,5,19.993309048892215,BAR
121,53838,53876,53872,0,1,1.56,58.51458849556435,51.931825998853085,82.6327898566785,1.0,1,2.3039280820190347,Alvarez,21.620621550466325,low,counterpress,2.44,escaped,,14.72411301975211,32.40958818466801,281.9738480097693,16.59401476488776,1,6,15.35495558603949,ATM
122,54080,54141,54137,0,1,2.48,74.5131150477286,42.83458914846566,49.83685501908479,1.3387096774193548,2,3.8282093208160233,Llorente,19.603511663041928,low,set_press,12.12,escaped,,20.332569629162393,33.73343662559857,389.0889770229413,18.28622034601928,2,3,21.039101406298762,ATM
123,54160,54231,54196,0,1,2.88,93.65284955080735,56.3278147739313,69.19365378211758,1.0694444444444444,2,2.23775388197274,Llorente,24.764432707759454,low,set_press,15.32,regain,2.88,19.13517201030176,27.410543406204273,346.8882439908721,19.72317453664474,4,6,13.973288084178401,ATM
124,55033,55075,55041,1,0,1.72,71.86181764434629,48.00578147900857,90.34349198133332,1.441860465116279,3,2.2114606622075996,Casado,81.2649239531211,high,set_press,11.08,regain,1.92,31.939415938370814,40.46333936766878,961.0314806552727,69.26098378104167,3,4,18.526128483708625,BAR
125,55082,55114,55097,0,1,1.32,100.27829991282636,54.42263385851792,21.65199842969655,1.3636363636363635,2,2.963290892799477,Simeone,38.276210849619275,mid,counterpress,0.08,escaped,,33.678654792981376,45.83437164468936,1126.0170823796748,35.14515297398404,2,3,23.70142306514127,ATM
126,55273,55333,55289,0,1,2.44,94.41855969017135,44.786872160152086,30.367078522135216,0.9016393442622951,2,2.4639180569688075,Gimenez,50.61654248792935,mid,set_press,7.72,regain,3.76,30.174348933435624,30.006836724448124,598.0753140155109,33.16640937289415,3,6,14.406949617480345,ATM
127,55731,55758,55754,1,0,1.12,95.14690483548398,57.180773435014565,,1.0357142857142858,2,1.8087923223208828,Cubarsi,50.329134029393444,mid,counterpress,4.88,regain,1.12,23.37726634810305,33.431241713481725,571.7551241672082,52.442933227076836,4,7,11.39403849075666,BAR
128,56004,56041,56011,0,1,1.52,37.99157215079907,33.8382677659255,31.3201941023888,1.0263157894736843,2,3.7978870047264675,Javi Galan,23.598537133452183,low,set_press,9.84,escaped,,35.5821685435334,21.4728681479857,572.8598397868933,25.917516533200047,3,4,16.80796628789332,ATM
129,56054,56093,56086,0,1,1.6,92.74065939885345,54.32808189307228,75.57152034042558,1.6,2,1.4090243384351893,Gallagher,33.39257365331278,low,set_press,11.84,regain,3.96,28.569230193024836,32.67656692202563,533.7345545289093,25.940070284329693,2,4,19.019293930321673,ATM
130,56608,56649,56644,1,0,1.68,71.46253430451117,48.81357422962331,41.52806729514429,1.0,1,2.8185992826359487,Kounde,7.651794044804349,low,set_press,18.24,escaped,,46.78616623778457,34.69501281507098,951.3655965916798,21.904994311279662,1,2,28.70215022218452,BAR
131,56955,56980,56977,1,0,1.04,66.25868112535953,40.33207979701199,40.12687598667074,1.1153846153846154,2,3.5124833658060526,Pedri,33.12930916799312,low,set_press,32.12,regain,2.28,26.846093264493152,41.07960282839274,710.6192227244894,28.609507346431222,2,4,18.84081048835031,BAR
132,57016,57069,57059,0,1,2.16,90.34476387835801,61.81313142886815,35.015334449820394,0.9074074074074074,1,2.436030539425737,Alvarez,90.09315981860735,high,counterpress,0.2,regain,2.16,41.074465062512786,40.439532192159206,1200.9400718867655,76.95737521542806,1,1,27.231154596683098,ATM
133,57070,57110,57107,1,0,1.64,84.87328430920849,54.27024012829705,53.0221480420215,1.4878048780487805,3,2.362341078763599,Balde,10.323918902418173,low,counterpress,0.04,stoppage_out,,31.11418970592659,37.82473623947119,739.0190524524063,20.089992392035416,4,6,12.762729039369454,BAR
134,57571,57602,57589,1,0,1.28,90.82002450339718,61.74283958222659,0.0,1.0,1,1.6222233909759356,Inigo,21.616222142915216,low,counterpress,3.52,regain,1.28,45.34609871310802,61.15127051543541,1971.2775067773503,35.202546530281296,1,1,28.126752767820165,BAR
135,58051,58083,58076,0,1,1.32,92.83481112344384,56.17556023976377,78.38224572751093,1.696969696969697,2,2.021495398759721,Simeone,68.51969838851471,mid,set_press,17.96,escaped,,29.36344502411253,42.020636203961615,987.4712839150046,53.88387886705361,2,3,22.81363669843862,ATM
136,59679,59746,59732,0,1,2.72,117.8055921537481,46.63912110362557,45.25948857419292,1.3088235294117647,2,2.5116168603134605,Gimenez,37.48297724701197,mid,counterpress,2.88,escaped,,34.55698063990464,34.974916758237285,756.172642622393,40.37697084155653,4,6,13.493864895393662,ATM
137,59854,59901,59894,0,1,1.92,78.41719933468985,50.231286479742174,44.8462651966076,1.0,1,2.568285862018843,Javi Galan,1.82713207082638,low,set_press,9.88,regain,2.0,48.35323617397225,52.824029795773534,1177.026488117886,18.67404166090435,1,1,34.23236568614184,ATM
138,60030,60078,60062,0,1,1.96,93.29148426082193,40.93023656973353,43.24674624329204,0.9387755102040817,1,3.0756479610044356,De Paul,23.416953748244822,low,counterpress,0.4,escaped,,40.64427314882801,50.11094622178527,883.0389806050086,18.9402379673953,3,6,14.815163466198204,ATM
139,60942,61008,60956,0,1,2.68,85.16076538046363,74.73811709644475,0.5149929615218418,1.0,1,1.3536192261169626,Llorente,35.02082585691508,mid,counterpress,0.04,regain,2.68,26.894383783940754,53.33770221096668,1070.1969109879838,37.594602913845186,2,2,26.743557932560172,ATM
140,61083,61117,61099,1,0,1.4,37.31873661403115,33.677855261920804,30.443760519033816,1.0,1,4.023415696677274,Pedri,45.260845061726044,mid,counterpress,1.72,escaped,,27.93840140673951,40.94610263806691,905.5952374303413,41.041541278723635,2,4,17.85259241286395,BAR
141,61293,61339,61314,1,0,1.88,56.92021201693296,43.543956027109324,37.19427921277539,1.0,1,3.361227570244286,Kounde,33.03494469573371,low,set_press,10.12,escaped,,24.09335633480194,44.29087852264632,541.2943112308794,32.05292070073135,2,2,26.183666232174165,BAR
142,61569,61595,61576,1,0,1.08,37.20516785680677,32.50855117619754,26.894619099018765,1.0,1,4.151083534758363,Lewandowski,60.57001924764999,mid,set_press,21.16,escaped,,23.503651590058368,35.62116207220626,589.7957492114947,42.81346370368028,1,2,23.732129470915602,BAR
143,62534,62613,62613,1,0,3.2,174.75114045156363,85.28765487519067,94.89299511606737,1.5875,3,1.5880138028120534,Balde,31.587331035478325,low,set_press,59.76,regain,5.52,21.50557002710024,42.976380771690444,616.2449011952571,39.33436024983736,5,5,14.407484102325451,BAR
144,62759,62825,62805,0,1,2.68,137.2969657257043,70.87358797240738,97.5244166610772,1.7611940298507462,2,1.9888822707787555,De Paul,49.04014908389517,mid,counterpress,3.52,regain,2.68,38.06123566349636,41.56370146874794,1005.4371983225523,44.22088799643332,3,4,21.789765282500866,ATM
145,62826,62861,62849,1,0,1.44,80.2632530779414,58.19687726315263,73.12555533757012,1.0,1,2.183630387427452,Fermin,71.92647938521542,high,counterpress,0.04,escaped,,37.98963593880902,37.02547175400751,1158.3219178105428,57.85802510935126,2,2,27.93089549933477,BAR
146,63386,63419,63415,1,0,1.36,113.04235500880658,46.127520266686716,71.40834071267312,1.5588235294117647,3,2.5396539232033923,Cubarsi,39.201389780363556,mid,set_press,22.44,stoppage_out,,34.967595293805424,38.24109744358741,640.1478963322095,38.78397334038806,7,7,11.928801917201863,BAR
147,63861,63888,63872,1,0,1.12,80.33874551655072,65.86582092395888,6.174236151052747,1.0,1,1.8422753845933098,Inigo,25.217806319776592,low,counterpress,0.04,regain,1.92,39.57108820846321,59.546408503205804,1855.4433111493108,38.26911032305465,2,2,28.007441056935782,BAR
148,64041,64129,64094,0,1,3.56,169.40834111642292,72.3153731371927,93.36631214290162,1.5393258426966292,3,1.672367865592721,Llorente,52.17863479885872,mid,set_press,5.32,regain,5.52,32.153970376039254,37.674102112963595,834.1926042783516,50.67739480914476,5,6,13.564050500277494,ATM
149,65081,65108,65088,1,0,1.12,88.93258762213466,54.397302373303226,36.07615655309549,1.0,1,2.2277543213887756,Gavi,72.24482418930839,high,set_press,12.88,regain,3.68,30.294723217304025,33.14177558027513,741.9988769808776,61.84686639247816,2,5,16.923356531314376,BAR
150,65441,65477,65474,1,0,1.48,46.21872083140704,38.984787497576136,29.274749761059034,1.027027027027027,2,3.7360829229713004,Raphinha,67.32427122104976,mid,counterpress,1.68,escaped,,28.69629770559039,38.51416872375784,659.311700826498,56.91016751802901,3,3,21.29005943020514,BAR
151,65707,65757,65752,1,0,2.04,58.5528404366311,46.89715711080518,52.399575158988235,1.0,1,3.0160053240561226,Fermin,57.47755288781208,mid,set_press,12.32,escaped,,16.99716581331272,44.73773556655951,548.0754096618392,49.192212114134186,1,3,21.555090989485134,BAR
152,65845,65874,65855,0,1,1.2,80.9563355411967,49.617076386458486,17.90022401840746,0.8,1,2.264892653944068,Gimenez,33.990833668997,low,counterpress,0.04,escaped,,30.325260197921878,56.71730206396213,1252.1178214550282,45.61481483832922,2,3,22.50486848241328,ATM
153,66173,66201,66195,0,1,1.16,87.27379385662995,44.87686953247289,48.03204097530607,1.0,1,3.334562936423165,Griezmann,71.09399019819558,high,set_press,13.16,escaped,,31.614993506656198,42.25832813102895,1014.5843274843236,54.02422384960097,1,3,23.723941531951528,ATM
154,66500,66544,66534,1,0,1.8,124.96043545019438,53.4641761937634,76.57746331094773,1.3111111111111111,2,2.1254874996876993,Pedri,43.68203937896071,mid,counterpress,2.6,escaped,,27.0084059744171,48.31933759892751,1007.3337795302394,45.54336514595241,4,4,19.58906575050499,BAR
155,66557,66605,66567,1,0,1.96,132.56273213942802,56.758985538914665,78.78738921814654,1.6938775510204083,3,3.1543549144229353,Casado,43.89840861635023,mid,counterpress,4.88,regain,2.84,27.60405625385568,48.832662783580645,997.8344925684607,44.769269397264445,3,4,18.774716086389052,BAR
156,66875,66899,66895,0,1,1.0,102.57359055250403,80.38507330551163,29.619927101063933,1.0,1,1.1936444430843058,De Paul,49.41660040116126,mid,counterpress,0.04,regain,2.12,26.494618475854054,49.72169558762963,980.0459781876918,56.8442902304908,2,4,19.48249383963985,ATM
157,67539,67563,67558,0,1,1.0,96.65272277870568,78.50302844690884,105.45916155984796,2.2,3,2.0741382261660006,Llorente,77.95204555627473,high,counterpress,0.04,escaped,,31.00773792666998,37.42797324262865,807.8850989621178,73.2298613426012,4,6,14.912073318821715,ATM
158,67621,67684,67659,0,1,2.56,135.2498813840742,58.231608458491024,96.76467125683651,1.25,2,1.4775471769048503,Llorente,71.20133418457594,high,counterpress,3.32,regain,4.04,32.2404485093409,34.01040397990843,533.6206032026967,60.01818677684353,4,7,11.686760927548857,ATM
159,67916,67957,67955,1,0,1.68,66.14339879447114,38.694235521115175,51.46926203672985,1.0476190476190477,2,3.373395660432533,Gavi,60.1544041733099,mid,set_press,7.8,regain,4.6,22.143845413670462,29.241354268747703,490.76742851027035,48.78466588711697,4,4,16.094480429135135,BAR
160,68176,68217,68207,0,1,1.68,125.64302007471632,79.1047140263004,110.30785019197977,2.4523809523809526,3,1.9498918314267708,Llorente,49.28553096402449,mid,set_press,5.84,regain,1.68,34.04093016333245,40.71155918783809,901.4460816861658,51.37196591784054,3,4,20.564486498516427,ATM
161,68680,68746,68730,1,0,2.68,81.95881265488676,57.9330091708246,52.03098672654972,1.2985074626865671,2,2.4985110546676643,Kounde,47.97840545767893,mid,counterpress,4.28,escaped,,40.36104685109824,37.978017573590165,1034.031888809507,45.18220386638521,2,3,22.79972217520316,BAR
162,70010,70034,70023,1,0,1.0,87.79561922376136,57.211766514765124,62.76343406799347,1.28,2,1.4488544819949825,Fermin,30.74455872973317,low,counterpress,0.04,stoppage_out,,14.515544068841159,23.127679553621086,195.73679571179966,22.871593855724782,4,7,11.955702268622122,BAR
