track_id,player,team,pressures,pressing_time_s,visible_min,opp_poss_visible_min,regains,regains_himself,regain_rate,disrupt_rate,beaten_rate,forced_back_pass,high_press_share,counter_presses,co_press_share,mean_closing_mps,max_approach_mps,mean_min_dist_m,pressures_per_10_opp_min,top_partner
219,ATM 19 Alvarez,ATM,54,65.36,39.41866666666667,21.19333333333333,6,5,0.1111111111111111,0.5185185185185185,0.25925925925925924,10,0.24074074074074073,17,0.3148148148148148,1.2752884340575408,10.70799731583131,2.3300704666988707,25.47971060081787,ATM 4 Gallagher (8)
205,ATM 5 De Paul,ATM,51,47.08,38.20466666666667,20.580666666666666,12,6,0.23529411764705882,0.6078431372549019,0.19607843137254902,10,0.058823529411764705,22,0.45098039215686275,0.8089708792555749,15.612348073244757,2.406728984352783,24.780538369343397,ATM 22 Simeone (11)
222,ATM 22 Simeone,ATM,46,43.28,37.81133333333333,20.194666666666667,6,3,0.13043478260869565,0.6521739130434783,0.17391304347826086,16,0.10869565217391304,19,0.34782608695652173,1.1087867373282299,14.927883766910934,2.615069110209003,22.77829129803248,ATM 5 De Paul (9)
207,ATM 7 Griezmann,ATM,44,52.44,38.69533333333333,20.910666666666668,6,4,0.13636363636363635,0.5454545454545454,0.29545454545454547,9,0.20454545454545456,17,0.45454545454545453,1.7401348841075608,13.410114424746892,1.8211307925205231,21.04189249505834,ATM 19 Alvarez (6)
204,ATM 4 Gallagher,ATM,33,36.76,38.626666666666665,20.833333333333332,5,4,0.15151515151515152,0.6060606060606061,0.3333333333333333,8,0.12121212121212122,12,0.42424242424242425,1.4210744111081535,50.301277215311856,1.772031346751176,15.84,ATM 19 Alvarez (7)
208,ATM 8 Barrios,ATM,30,27.32,37.75533333333333,20.208666666666666,11,5,0.36666666666666664,0.5666666666666667,0.2,2,0.06666666666666667,13,0.6,0.8680210701019937,8.950029182294934,1.7425851763387048,14.845115956850197,ATM 21 Javi Galan (8)
221,ATM 21 Javi Galan,ATM,22,24.04,39.519999999999996,21.157333333333334,10,7,0.45454545454545453,0.7272727272727273,0.22727272727272727,2,0.09090909090909091,6,0.45454545454545453,1.538744016869451,8.611538394923556,1.5726954365664392,10.398285858331233,ATM 8 Barrios (4)
214,ATM 14 Llorente,ATM,17,18.52,37.940000000000005,20.448666666666668,6,5,0.35294117647058826,0.7058823529411765,0.11764705882352941,2,0.058823529411764705,10,0.6470588235294118,1.4239942620517154,8.200940637033963,1.87504174173355,8.313500472728458,ATM 22 Simeone (5)
202,ATM 2 Gimenez,ATM,10,9.44,38.608,20.694000000000003,1,0,0.1,0.5,0.3,1,0.0,3,0.7,0.664004492494064,9.638233109903286,1.6384983010149803,4.8323185464385805,ATM 5 De Paul (4)
215,ATM 15 Lenglet,ATM,7,6.24,38.940666666666665,20.958000000000002,3,3,0.42857142857142855,0.8571428571428571,0.14285714285714285,0,0.0,2,0.7142857142857143,0.5235183584994499,47.798964472507514,2.217140945903951,3.34001336005344,ATM 19 Alvarez (2)
106,BAR 6 Gavi,BAR,52,52.88,38.25066666666667,14.5,11,9,0.21153846153846154,0.6346153846153846,0.17307692307692307,11,0.5,20,0.46153846153846156,1.3802752602554638,8.914981181856522,2.0357143637419255,35.86206896551724,BAR 9 Lewandowski (10)
108,BAR 8 Pedri,BAR,37,33.04,38.574,14.274000000000001,11,7,0.2972972972972973,0.7297297297297297,0.13513513513513514,7,0.43243243243243246,20,0.6756756756756757,1.9718685216953524,14.09037287813525,2.051505763130864,25.92125542945215,BAR 3 Balde (9)
116,BAR 16 Fermin,BAR,37,40.24,38.815333333333335,14.299333333333333,12,9,0.32432432432432434,0.6756756756756757,0.1891891891891892,6,0.5405405405405406,12,0.32432432432432434,2.1212494310187906,16.398132605310032,1.8225064613594695,25.87533218331857,BAR 8 Pedri (6)
111,BAR 11 Raphinha,BAR,36,44.88,38.626,14.317333333333332,7,5,0.19444444444444445,0.7222222222222222,0.19444444444444445,7,0.7777777777777778,19,0.2777777777777778,0.6295480076793672,10.996395340280905,2.012461152614826,25.14434717824549,BAR 6 Gavi (6)
109,BAR 9 Lewandowski,BAR,32,32.24,38.74333333333333,14.349333333333334,5,2,0.15625,0.5625,0.1875,6,0.6875,21,0.5625,0.5251309698985354,10.192052799369481,2.5669234921638706,22.30068760453447,BAR 6 Gavi (11)
117,BAR 17 Casado,BAR,23,21.28,38.263333333333335,14.056666666666667,6,5,0.2608695652173913,0.6521739130434783,0.2608695652173913,4,0.21739130434782608,4,0.6956521739130435,1.1097924328935163,13.512628883263934,1.5085864384640486,16.36234289779464,BAR 8 Pedri (6)
103,BAR 3 Balde,BAR,18,20.240000000000002,38.14066666666667,14.274000000000001,2,1,0.1111111111111111,0.6111111111111112,0.2222222222222222,4,0.4444444444444444,6,0.6666666666666666,1.250543997901991,6.725677341630961,1.8137452935669718,12.610340479192937,BAR 8 Pedri (8)
123,BAR 23 Kounde,BAR,16,19.279999999999998,37.623333333333335,13.741333333333333,4,1,0.25,0.5625,0.25,2,0.5625,8,0.5,1.3434687856476053,8.250892218244811,2.19609939998081,11.643702697457792,BAR 11 Raphinha (6)
105,BAR 5 Inigo,BAR,13,9.76,38.71333333333334,14.314666666666666,7,1,0.5384615384615384,0.9230769230769231,0.0,2,0.3076923076923077,8,0.3076923076923077,0.33311547767421285,7.627304981585545,2.2516249456671393,9.081594634873325,BAR 17 Casado (2)
102,BAR 2 Cubarsi,BAR,5,2.52,38.525999999999996,14.027333333333333,0,0,0.0,0.4,0.2,1,0.2,0,0.6,0.5239479892615273,15.391768082247998,2.704629513064904,3.564469369326553,BAR 17 Casado (2)
