track_id,player,team,times_pressed,lost_ball,kept_or_passed,forward_pass_under_press,press_resistance
208,ATM 8 Barrios,ATM,43,11,22,11,0.5116279069767442
221,ATM 21 Javi Galan,ATM,35,6,20,3,0.5714285714285714
204,ATM 4 Gallagher,ATM,30,11,15,2,0.5
214,ATM 14 Llorente,ATM,29,5,19,6,0.6551724137931034
222,ATM 22 Simeone,ATM,29,7,11,0,0.3793103448275862
205,ATM 5 De Paul,ATM,26,11,9,2,0.34615384615384615
215,ATM 15 Lenglet,ATM,22,3,13,4,0.5909090909090909
219,ATM 19 Alvarez,ATM,21,1,9,5,0.42857142857142855
207,ATM 7 Griezmann,ATM,20,6,7,0,0.35
202,ATM 2 Gimenez,ATM,9,3,5,2,0.5555555555555556
2,ATM 13 Oblak,ATM,5,1,1,0,0.2
108,BAR 8 Pedri,BAR,46,9,27,8,0.5869565217391305
116,BAR 16 Fermin,BAR,37,15,15,6,0.40540540540540543
106,BAR 6 Gavi,BAR,36,9,17,3,0.4722222222222222
103,BAR 3 Balde,BAR,33,2,25,6,0.7575757575757576
105,BAR 5 Inigo,BAR,32,4,20,11,0.625
117,BAR 17 Casado,BAR,31,4,23,9,0.7419354838709677
109,BAR 9 Lewandowski,BAR,26,11,8,2,0.3076923076923077
102,BAR 2 Cubarsi,BAR,25,0,21,9,0.84
111,BAR 11 Raphinha,BAR,25,7,9,4,0.36
123,BAR 23 Kounde,BAR,21,5,13,3,0.6190476190476191
1,BAR 13 Pena,BAR,2,0,1,1,0.5
