event_id,t_start,start,end,duration_s,team_name,presser_name,carrier_name,co_pressers,outcome,pass_dir,min_dist,mean_closing,trigger,zone,label_is_pressure,label_presser_correct,label_outcome_correct,notes
194,00:10.3,258,292,1.4,BAR,BAR 16 Fermin,ATM 14 Llorente,"BAR 6 Gavi, BAR 8 Pedri",regain_by_presser,,1.0865438428689072,2.4921019327564564,closing,middle_third,,,,
197,01:14.4,1860,1881,0.88,BAR,BAR 16 Fermin,ATM 14 Llorente,,stoppage,,1.5662707013167148,2.5784219013530136,closing,attacking_third,,,,
368,03:21.9,5048,5073,1.04,ATM,ATM 7 Griezmann,BAR 9 Lewandowski,"ATM 8 Barrios, ATM 19 Alvarez",regain_by_presser,,1.11071695480362,2.4625174018843827,closing,own_third,,,,
253,03:27.9,5197,5253,2.28,BAR,BAR 23 Kounde,ATM 21 Javi Galan,BAR 11 Raphinha,retained,,0.8518070149645669,1.6402839432168317,closing,attacking_third,,,,
255,03:44.6,5616,5636,0.84,BAR,BAR 23 Kounde,ATM 4 Gallagher,,regain_by_teammate,,3.221760522525835,-0.8260202414031548,stepout,middle_third,,,,
316,03:55.7,5893,5912,0.8,ATM,ATM 5 De Paul,BAR 8 Pedri,ATM 8 Barrios,regain_by_presser,,4.17363894707911,0.6240590162450638,stepout,middle_third,,,,
284,04:26.8,6670,6683,0.56,ATM,ATM 4 Gallagher,BAR 11 Raphinha,,retained,,2.6804997308445664,4.200141318603619,closing,own_third,,,,
470,04:40.7,7018,7072,2.2,ATM,ATM 19 Alvarez,BAR 6 Gavi,ATM 21 Javi Galan,regain_by_presser,,0.6242123997688067,1.4898872736300568,tight,own_third,,,,
256,04:44.5,7112,7132,0.84,BAR,BAR 23 Kounde,ATM 19 Alvarez,"BAR 6 Gavi, BAR 11 Raphinha",loose_ball,,3.020776383673276,2.0387667541382752,closing,attacking_third,,,,
471,04:53.2,7331,7395,2.6,ATM,ATM 19 Alvarez,BAR 17 Casado,,forced_pass,forward,3.2086282208291976,-0.21339927659433683,stepout,middle_third,,,,
369,05:46.5,8662,8694,1.32,ATM,ATM 7 Griezmann,BAR 6 Gavi,"ATM 4 Gallagher, ATM 21 Javi Galan",forced_pass,sideways,0.4134138623373267,-0.4310706162775443,tight,middle_third,,,,
287,05:54.2,8856,8871,0.64,ATM,ATM 4 Gallagher,BAR 11 Raphinha,,forced_pass,backward,3.9540956175369524,0.10861149987211516,stepout,middle_third,,,,
320,06:20.7,9517,9524,0.32,ATM,ATM 5 De Paul,BAR 23 Kounde,ATM 4 Gallagher,retained,,2.7326219245284022,5.990895115524532,closing,own_third,,,,
520,06:38.3,9957,10020,2.56,ATM,ATM 21 Javi Galan,BAR 11 Raphinha,ATM 4 Gallagher,stoppage,,0.6466678341942597,0.08927431408546688,tight,own_third,,,,
290,06:39.5,9987,10034,1.92,ATM,ATM 4 Gallagher,BAR 11 Raphinha,ATM 21 Javi Galan,stoppage,,0.6167979330375787,2.2474538953964776,closing,own_third,,,,
24,07:07.8,10696,10708,0.52,BAR,BAR 5 Inigo,ATM 22 Simeone,BAR 17 Casado,stoppage,,3.577648944476697,-0.9238964552453081,stepout,middle_third,,,,
231,07:07.8,10696,10708,0.52,BAR,BAR 17 Casado,ATM 22 Simeone,BAR 5 Inigo,stoppage,,2.3822236225100393,4.721938721094569,closing,middle_third,,,,
202,07:24.3,11107,11158,2.08,BAR,BAR 16 Fermin,ATM 14 Llorente,BAR 9 Lewandowski,forced_pass,backward,0.9521634932773052,-0.1734994829601099,stepout,middle_third,,,,
545,08:09.8,12246,12272,1.08,ATM,ATM 22 Simeone,BAR 16 Fermin,"ATM 5 De Paul, ATM 19 Alvarez",regain_by_teammate,,3.9119612615905,-0.315884213945735,stepout,middle_third,,,,
203,08:28.4,12711,12730,0.8,BAR,BAR 16 Fermin,ATM 13 Oblak,,loose_ball,,3.092058183832544,2.187467286072336,closing,attacking_third,,,,
521,09:03.5,13588,13602,0.6,ATM,ATM 21 Javi Galan,BAR 11 Raphinha,,loose_ball,,2.1410072669929425,4.728411293068837,closing,own_third,,,,
137,09:13.3,13832,13840,0.36,BAR,BAR 9 Lewandowski,ATM 5 De Paul,,retained,,2.707694943754544,2.836434675766065,closing,attacking_third,,,,
204,09:38.4,14459,14475,0.68,BAR,BAR 16 Fermin,ATM 22 Simeone,,regain_by_teammate,,0.5781129644808511,2.4406362432862547,closing,attacking_third,,,,
50,10:02.7,15067,15092,1.04,BAR,BAR 6 Gavi,ATM 8 Barrios,BAR 9 Lewandowski,forced_pass,backward,2.582288080873167,0.9240781578396622,stepout,attacking_third,,,,
53,11:08.2,16706,16753,1.92,BAR,BAR 6 Gavi,ATM 21 Javi Galan,,forced_pass,forward,0.04156710817038205,1.742907197398548,closing,attacking_third,,,,
238,11:11.0,16775,16782,0.32,BAR,BAR 17 Casado,ATM 7 Griezmann,BAR 6 Gavi,retained,,4.510156485119854,-1.380790559031509,stepout,attacking_third,,,,
412,11:22.7,17068,17098,1.24,ATM,ATM 8 Barrios,BAR 6 Gavi,ATM 21 Javi Galan,regain_by_teammate,,0.4596802659522908,1.5814523575571346,closing,own_third,,,,
326,12:09.3,18232,18245,0.56,ATM,ATM 5 De Paul,BAR 9 Lewandowski,ATM 22 Simeone,loose_ball,,3.9756675265979564,2.0818723125016496,closing,middle_third,,,,
205,12:32.1,18802,18831,1.2,BAR,BAR 16 Fermin,ATM 14 Llorente,,forced_pass,backward,1.5922593364488808,2.8765415412136894,closing,attacking_third,,,,
440,13:30.2,20256,20279,0.96,ATM,ATM 14 Llorente,BAR 16 Fermin,ATM 22 Simeone,loose_ball,,1.5881163629410873,1.918037809165986,closing,own_third,,,,
58,13:45.8,20646,20670,1.0,BAR,BAR 6 Gavi,ATM 8 Barrios,,regain_by_presser,,0.4300896731986742,-1.843024573956353,tight,middle_third,,,,
482,15:14.6,22865,22903,1.56,ATM,ATM 19 Alvarez,BAR 8 Pedri,,loose_ball,,1.0788795123485726,-1.2760033130281485,stepout,middle_third,,,,
415,16:25.5,24638,24646,0.36,ATM,ATM 8 Barrios,BAR 16 Fermin,,regain_by_teammate,,2.8199943588607623,3.998584770612839,closing,own_third,,,,
262,16:33.9,24847,24871,1.0,BAR,BAR 23 Kounde,ATM 19 Alvarez,BAR 17 Casado,retained,,3.307129939827743,0.7229017356629686,closing,middle_third,,,,
384,17:31.3,26282,26306,1.0,ATM,ATM 7 Griezmann,BAR 6 Gavi,,stoppage,,3.969538909474259,1.193607369149031,stepout,attacking_third,,,,
557,17:59.2,26981,27000,0.8,ATM,ATM 22 Simeone,BAR 3 Balde,,stoppage,,1.1532799114095182,1.016399517346088,tight,attacking_third,,,,
26,18:47.3,28183,28202,0.8,BAR,BAR 5 Inigo,ATM 19 Alvarez,,regain_by_teammate,,0.21771714175836274,-0.39937550404159194,closing,own_third,,,,
103,19:24.5,29112,29146,1.4,BAR,BAR 8 Pedri,ATM 19 Alvarez,BAR 5 Inigo,forced_pass,backward,3.4261196080874377,0.6867713574578587,stepout,attacking_third,,,,
209,19:28.6,29216,29238,0.92,BAR,BAR 16 Fermin,ATM 22 Simeone,"BAR 8 Pedri, BAR 9 Lewandowski",loose_ball,,3.7793211185903903,-0.02833879681006033,stepout,attacking_third,,,,
296,21:05.9,31647,31658,0.48,ATM,ATM 4 Gallagher,BAR 5 Inigo,,regain_by_teammate,,1.8781926981530568,6.500784386704217,closing,own_third,,,,
173,21:33.8,32346,32358,0.52,BAR,BAR 11 Raphinha,ATM 5 De Paul,,regain_by_teammate,,3.1680523055004515,-0.1776167914588653,stepout,attacking_third,,,,
12,22:19.7,33492,33508,0.68,BAR,BAR 3 Balde,ATM 22 Simeone,,stoppage,,2.827164863485669,3.1559687916358494,closing,attacking_third,,,,
175,23:13.1,34827,34876,2.0,BAR,BAR 11 Raphinha,ATM 21 Javi Galan,,loose_ball,,2.938901285197698,0.08511108589481052,stepout,middle_third,,,,
390,23:39.2,35480,35563,3.36,ATM,ATM 7 Griezmann,BAR 17 Casado,ATM 19 Alvarez,forced_pass,backward,0.955126154744218,0.5382116595265705,tight,attacking_third,,,,
145,25:16.1,37902,37927,1.04,BAR,BAR 9 Lewandowski,ATM 8 Barrios,BAR 6 Gavi,loose_ball,,1.8270099934809059,-0.04469143796246419,closing,attacking_third,,,,
211,25:35.0,38374,38383,0.4,BAR,BAR 16 Fermin,ATM 7 Griezmann,,forced_pass,sideways,3.236831588964796,3.1078464162529067,closing,own_third,,,,
458,26:34.6,39864,39895,1.28,ATM,ATM 15 Lenglet,BAR 23 Kounde,"ATM 4 Gallagher, ATM 19 Alvarez",regain_by_presser,,2.667691903251042,1.3996649710281586,closing,middle_third,,,,
561,27:01.3,40532,40542,0.44,ATM,ATM 22 Simeone,BAR 3 Balde,,forced_pass,backward,2.8936844994912874,0.4922090192397903,stepout,own_third,,,,
33,27:27.6,41190,41199,0.4,BAR,BAR 5 Inigo,ATM 5 De Paul,,regain_by_teammate,,2.781194379831198,-5.457679920955222,stepout,attacking_third,,,,
527,27:37.6,41439,41479,1.64,ATM,ATM 21 Javi Galan,BAR 11 Raphinha,,retained,,0.6494967512350702,1.4351591585244932,closing,own_third,,,,
263,27:48.0,41701,41731,1.24,BAR,BAR 23 Kounde,ATM 4 Gallagher,,loose_ball,,1.7982622315194416,2.514802726585353,closing,attacking_third,,,,
246,30:25.8,45644,45655,0.48,BAR,BAR 17 Casado,ATM 7 Griezmann,BAR 8 Pedri,retained,,4.643167738201111,-0.4588180886090609,stepout,middle_third,,,,
68,30:37.2,45931,45943,0.52,BAR,BAR 6 Gavi,ATM 15 Lenglet,,retained,,3.5329674404876044,2.843389701938496,closing,middle_third,,,,
572,33:20.1,50003,50038,1.44,ATM,ATM 22 Simeone,BAR 3 Balde,,forced_pass,forward,2.119699253171501,1.9303297920213294,closing,middle_third,,,,
179,34:13.9,51348,51362,0.6,BAR,BAR 11 Raphinha,ATM 8 Barrios,BAR 6 Gavi,regain_by_presser,,4.382260093880057,0.39418703134868077,stepout,attacking_third,,,,
181,34:21.9,51548,51574,1.08,BAR,BAR 11 Raphinha,ATM 15 Lenglet,,regain_by_presser,,2.3566996164732985,-0.5170840387533104,stepout,attacking_third,,,,
17,34:38.2,51956,51967,0.48,BAR,BAR 3 Balde,ATM 14 Llorente,,forced_pass,forward,4.523634939885601,0.27273809529493004,stepout,middle_third,,,,
109,34:38.7,51968,51976,0.36,BAR,BAR 8 Pedri,ATM 5 De Paul,,regain_by_teammate,,2.9070906383072685,3.6111457674521534,closing,middle_third,,,,
444,34:50.9,52273,52286,0.56,ATM,ATM 14 Llorente,BAR 6 Gavi,,loose_ball,,0.9616424631344714,3.1040260677668017,closing,own_third,,,,
110,34:57.8,52445,52462,0.72,BAR,BAR 8 Pedri,ATM 5 De Paul,,regain_by_presser,,1.234037347397911,-2.7931445528385277,stepout,middle_third,,,,
398,35:52.3,53808,53843,1.44,ATM,ATM 7 Griezmann,BAR 23 Kounde,ATM 21 Javi Galan,retained,,0.49600082039137156,2.4240863757492424,closing,own_third,,,,
428,36:06.5,54163,54174,0.48,ATM,ATM 8 Barrios,BAR 17 Casado,,retained,,1.8691501356442317,3.7002145342939703,closing,own_third,,,,
217,36:09.3,54232,54257,1.04,BAR,BAR 16 Fermin,ATM 14 Llorente,,stoppage,,3.8013630898092683,-0.7996316888151767,stepout,attacking_third,,,,
504,36:50.8,55271,55308,1.52,ATM,ATM 19 Alvarez,BAR 2 Cubarsi,,loose_ball,,3.984954771704225,-0.22525089083509667,stepout,middle_third,,,,
430,37:02.0,55550,55586,1.48,ATM,ATM 8 Barrios,BAR 6 Gavi,,regain_by_teammate,,1.7914796842223226,-0.6928233581104675,stepout,middle_third,,,,
431,37:15.7,55893,55931,1.56,ATM,ATM 8 Barrios,BAR 9 Lewandowski,ATM 2 Gimenez,retained,,2.9678739502265965,-0.30619432690669085,stepout,middle_third,,,,
508,38:00.5,57012,57023,0.48,ATM,ATM 19 Alvarez,BAR 3 Balde,,regain_by_presser,,0.46300269933497573,0.7975456038902061,closing,attacking_third,,,,
531,39:55.0,59874,59886,0.52,ATM,ATM 21 Javi Galan,BAR 11 Raphinha,,regain_by_presser,,2.30626695386695,2.988434716792474,closing,own_third,,,,
188,42:10.2,63254,63281,1.12,BAR,BAR 11 Raphinha,ATM 21 Javi Galan,,forced_pass,forward,3.636428470487097,0.9351487119162939,stepout,middle_third,,,,
118,42:16.2,63404,63421,0.72,BAR,BAR 8 Pedri,ATM 7 Griezmann,"BAR 5 Inigo, BAR 6 Gavi",stoppage,,1.2127520136862853,5.177961719669807,closing,middle_third,,,,
579,42:37.2,63930,63945,0.64,ATM,ATM 22 Simeone,BAR 3 Balde,,forced_pass,sideways,3.7572931876299682,1.9086828747947864,closing,middle_third,,,,
402,42:48.0,64201,64251,2.04,ATM,ATM 7 Griezmann,BAR 2 Cubarsi,,forced_pass,forward,2.293750784103673,-0.39515015510571255,stepout,middle_third,,,,
434,43:07.0,64676,64684,0.36,ATM,ATM 8 Barrios,BAR 16 Fermin,,stoppage,,0.7920800823094288,-0.8183306799045639,tight,own_third,,,,
84,43:24.6,65115,65172,2.32,BAR,BAR 6 Gavi,ATM 21 Javi Galan,,regain_by_presser,,0.08470049662047159,0.5271003694027465,tight,attacking_third,,,,
535,43:33.3,65333,65365,1.32,ATM,ATM 21 Javi Galan,BAR 11 Raphinha,,regain_by_teammate,,3.084127345235801,-0.14660490627248823,stepout,middle_third,,,,
154,44:38.9,66973,67004,1.28,BAR,BAR 9 Lewandowski,ATM 15 Lenglet,,loose_ball,,2.091805422700702,1.8687371596916154,closing,middle_third,,,,
582,44:53.1,67328,67340,0.52,ATM,ATM 22 Simeone,BAR 3 Balde,,loose_ball,,2.1808208796039383,-4.676123818553335,stepout,middle_third,,,,
267,45:47.2,68681,68690,0.4,BAR,BAR 23 Kounde,ATM 21 Javi Galan,,retained,,3.0275925806731765,4.950843364507191,closing,middle_third,,,,
514,46:25.2,69629,69653,1.0,ATM,ATM 19 Alvarez,BAR 5 Inigo,,stoppage,,4.51852667251151,0.403461226888761,stepout,attacking_third,,,,
229,46:40.7,70017,70043,1.08,BAR,BAR 16 Fermin,ATM 21 Javi Galan,BAR 8 Pedri,stoppage,,0.603972940095386,0.7305093507219372,tight,own_third,,,,
