team,player,pressing_sec,enough_data,mid_left,mid_centre,mid_right,att_left,att_centre,att_right,main_cell,pct_attacking_third
ATM,Alvarez,49.0,True,20.7,48.9,10.4,7.5,11.1,1.4,middle / centre,20.0
ATM,Griezmann,35.0,True,11.4,25.5,39.8,8.4,6.1,8.8,middle / right,23.2
ATM,Simeone,22.9,True,0.0,27.8,60.5,0.0,0.0,11.7,middle / right,11.7
ATM,De Paul,21.9,True,2.7,19.2,77.9,0.0,0.0,0.2,middle / right,0.2
ATM,Gallagher,21.7,True,65.7,10.7,0.0,23.6,0.0,0.0,middle / left,23.6
ATM,Llorente,16.3,True,2.2,14.7,72.3,0.0,0.0,10.8,middle / right,10.8
ATM,Barrios,11.2,True,47.3,32.6,7.9,12.2,0.0,0.0,middle / left,12.2
ATM,Javi Galan,5.0,True,66.9,10.5,0.0,22.6,0.0,0.0,middle / left,22.6
ATM,Gimenez,3.4,True,7.1,50.0,42.9,0.0,0.0,0.0,middle / centre,0.0
ATM,Lenglet,3.2,True,45.7,34.6,1.2,0.0,18.5,0.0,middle / left,18.5
BAR,Gavi,53.2,True,0.4,17.6,36.4,5.5,11.6,28.5,middle / right,45.6
BAR,Raphinha,45.5,True,0.0,0.0,20.1,4.4,15.1,60.4,attacking / right,79.9
BAR,Fermin,38.7,True,42.4,10.0,0.0,31.0,11.9,4.8,middle / left,47.6
BAR,Pedri,30.6,True,45.1,8.6,17.3,16.3,12.5,0.1,middle / left,29.0
BAR,Casado,28.8,True,13.1,14.9,60.1,0.0,12.0,0.0,middle / right,12.0
BAR,Lewandowski,25.2,True,10.5,8.9,9.4,14.8,27.0,29.4,attacking / right,71.2
BAR,Balde,19.1,True,37.0,9.4,10.7,41.6,1.3,0.0,attacking / left,42.9
BAR,Kounde,18.1,True,0.0,0.0,30.0,0.0,0.0,70.0,attacking / right,70.0
BAR,Inigo,4.1,True,47.6,32.0,0.0,0.0,0.0,20.4,middle / left,20.4
BAR,Cubarsi,3.6,True,0.0,18.7,73.6,0.0,7.7,0.0,middle / right,7.7
