event_id,spell_id,team,start_frame,end_frame,n_frames,duration_sec,start_time,end_time,start_x,start_y,end_x,end_y,zone,channel,in_own_box,max_n_pressing,mean_n_pressing,max_n_near,min_dist_m,mean_defenders_tracked,main_presser_id,main_presser_share,mean_closing_speed_mps,mean_presser_speed_mps,target_on_ball_share,lane_blocked_share,spell_start_type,since_spell_start_sec,counterpress,end_reason,regain_within_horizon
0,13,1,137,299,163,6.52,00:05,00:11,68.81333411510866,13.071946313630727,46.09170001574114,9.818350766756222,middle_third,left,False,3,1.030674846625767,3,0.5695798745974374,9.533742331288343,116,0.49079754601226994,3.271997544803302,4.380323139197062,0.25153374233128833,0.26446759259259256,restart,5.0,False,regain,True
1,14,0,619,735,117,4.68,00:24,00:29,40.03455424527957,33.779289031349016,58.436278795484625,10.413471640190247,middle_third,centre,False,2,0.8290598290598291,3,0.6064214888759142,10.0,219,0.5299145299145299,3.411757006652149,5.187353893659356,0.2564102564102564,0.2901234567901234,turnover,12.76,False,relieved,False
2,62,0,855,882,28,1.12,00:34,00:35,44.879217420498065,19.5687889983555,44.05076314782619,28.071115110338848,middle_third,right,False,1,0.9285714285714286,1,0.863029050683427,10.0,207,1.0,5.147175238305725,5.702814339053518,0.0714285714285714,0.15277777777777776,restart,0.48,False,relieved,False
3,62,0,933,1079,147,5.88,00:37,00:43,43.06430343269021,43.24235975422006,20.507056484677246,39.70518599548799,middle_third,centre,False,1,0.6666666666666666,1,0.7372493665892297,9.91156462585034,219,0.7142857142857143,6.696959922519644,6.809461572247228,0.23809523809523814,0.32512626262626254,restart,3.6,False,relieved,False
4,62,0,1225,1252,28,1.12,00:49,00:50,24.882639852989286,4.736834294962074,22.019707194515064,16.70039373663635,attacking_third,right,False,1,0.5357142857142857,2,2.4485688541814152,10.0,222,0.8928571428571429,1.928038032403809,4.328716133541929,0.1071428571428571,0.2888888888888889,restart,15.28,False,relieved,False
5,83,0,1633,1655,23,0.92,01:05,01:06,64.01630340428527,56.46368673838854,65.43354364508188,59.04502193471069,middle_third,left,False,2,1.434782608695652,3,0.2935188017256729,9.869565217391305,204,1.0,0.33093965961124644,4.587140484474347,0.0,0.2777777777777778,restart,1.04,False,regain,True
6,84,1,1667,1678,12,0.48,01:06,01:07,68.70375661238222,55.69128136452038,69.85443376191566,55.012601022779414,middle_third,right,False,2,1.75,2,0.6613749372661707,10.0,106,1.0,6.168783428254557,5.378444911132821,0.0,0.1875,turnover,0.44,True,relieved,False
7,84,1,1733,1747,15,0.6,01:09,01:09,81.41564183193849,37.538158503936565,84.84958230697985,23.531884614543056,attacking_third,centre,False,1,0.8666666666666667,1,2.744099058912856,10.0,111,0.8666666666666667,6.760808978938681,6.910646403507775,0.1333333333333333,0.2222222222222222,turnover,3.08,True,relieved,False
8,84,1,1780,1799,20,0.8,01:11,01:11,86.50598886522388,14.98743479595349,86.67220096497495,12.270244541417863,attacking_third,left,False,1,1.0,1,3.89381213286729,10.0,116,1.0,3.8610571238018045,4.622483204991055,0.0,0.2777777777777778,turnover,4.96,True,relieved,False
9,84,1,1820,1881,62,2.48,01:12,01:15,78.40402360149604,3.2893934370652285,89.8934080952501,8.474847997721369,attacking_third,left,False,2,1.096774193548387,2,1.572979211935946,10.0,103,0.6451612903225806,3.4128097959799812,3.5401392627418633,0.0,0.29914529914529914,turnover,6.56,False,dead_or_untracked,False
10,345,1,2142,2168,27,1.08,01:25,01:26,67.74651548170276,7.504569871960776,65.57129607199045,6.183781251417621,middle_third,left,False,1,1.0,1,0.030587536531498215,10.0,108,1.0,-0.3919881513356736,4.082059074168921,0.0,0.17777777777777776,restart,0.0,False,regain,True
11,346,0,2169,2203,35,1.4,01:26,01:28,63.90848609859579,5.761710175077411,58.09325763802215,9.564624912328688,middle_third,right,False,1,1.0,1,1.4799428287085232,10.0,207,1.0,5.024711033254783,5.208743995247321,0.0,0.08333333333333333,turnover,0.0,True,relieved,False
12,346,0,2355,2473,119,4.76,01:34,01:38,70.55778800413508,64.56260197913717,48.2893630540615,46.627177133520696,own_third,left,False,1,0.8067226890756303,1,0.08438628229669536,10.0,219,0.6302521008403361,4.932215442388684,5.476433970279457,0.40336134453781514,0.4097222222222222,turnover,7.44,False,relieved,False
13,346,0,2715,2735,21,0.84,01:48,01:49,72.85122269411693,19.103193842357527,76.06717110144038,20.29070127422112,own_third,right,False,2,1.9047619047619047,3,1.654047314862121,10.0,222,0.6190476190476191,4.589815487266196,6.494758587806728,0.0,0.6611111111111111,turnover,21.84,False,regain,True
14,347,1,2736,2875,140,5.6,01:49,01:55,77.64987869639177,19.740071165610907,77.53734908822202,26.51284532617541,attacking_third,left,False,2,0.8285714285714286,4,0.7866135644093306,9.942857142857143,108,0.45,0.8649345895556947,3.765696867928587,0.1071428571428571,0.41595238095238085,turnover,0.0,True,relieved,False
15,347,1,2894,2952,59,2.36,01:55,01:58,74.02367874813238,8.881121347350431,69.16487123937863,1.517895410270291,attacking_third,left,False,1,1.0,2,0.8688164570347497,10.0,116,1.0,5.536755504734234,5.851636145135354,0.0847457627118644,0.5555555555555556,turnover,6.32,False,regain_unstable,True
16,348,0,2953,2979,27,1.08,01:58,01:59,68.55541364261218,1.961774318678644,65.68649780709505,2.5240508224046607,middle_third,right,False,1,1.0,2,0.4904251842922329,10.0,222,1.0,3.318620417139108,4.661912099986852,0.0,0.3202380952380952,turnover,0.0,True,regain_unstable,False
17,350,0,3340,3374,35,1.4,02:13,02:14,65.60161242507527,20.091574392970358,69.88819355076332,7.091327798656442,middle_third,right,False,1,0.6285714285714286,3,3.9225658658406566,10.0,208,0.9714285714285714,2.261846862180637,2.639868260307394,0.02857142857142858,0.4206349206349206,turnover,13.64,False,relieved,False
18,350,0,3424,3455,32,1.28,02:16,02:18,71.8849313694563,4.64938828516893,72.91056802204747,5.2202821153159595,own_third,right,False,1,0.4375,1,3.194870933750249,10.0,222,1.0,1.0969930502624117,1.8323213231476623,0.0,0.2857142857142857,turnover,17.0,False,relieved,False
19,350,0,3492,3513,22,0.88,02:19,02:20,67.27349382212923,13.969610892994627,62.14701081890987,27.725877425420446,middle_third,right,False,1,0.45454545454545453,1,3.8933422310713137,10.0,207,0.5454545454545454,1.7290775385696258,2.2076282697392418,0.5454545454545454,0.3333333333333333,turnover,19.72,False,relieved,False
20,350,0,3549,3584,36,1.44,02:21,02:23,60.43252581448881,40.2808947708292,60.280979296419204,47.60055703766247,middle_third,centre,False,1,1.0,1,1.79662675927422,10.0,219,1.0,6.393481870706868,6.1664772778982515,0.11111111111111116,0.2592592592592593,turnover,22.0,False,relieved,False
21,350,0,3607,3645,39,1.56,02:24,02:25,74.0557144430667,65.30184518110293,75.0322480693503,58.40265525128088,own_third,left,False,1,0.7948717948717948,1,1.5206138039223853,10.0,221,1.0,2.4914365548637414,2.675670079268397,0.4358974358974359,0.3611111111111111,turnover,24.32,False,relieved,False
22,350,0,3691,3764,74,2.96,02:27,02:30,71.06627104401178,61.74554187965208,76.64991777329769,27.195249219769785,own_third,left,False,1,0.7702702702702703,2,1.0073178452228424,10.0,205,0.5135135135135135,2.516624895024494,4.33392841267009,0.5405405405405406,0.3075396825396825,turnover,27.68,False,relieved,True
23,351,1,3853,3874,22,0.88,02:34,02:34,100.91987935969303,37.30251896323984,104.66954143282376,33.96111746579593,attacking_third,centre,False,2,1.4545454545454546,2,0.1451450199264372,10.0,111,0.6363636363636364,4.7206476393092025,4.816842466416355,1.0,,turnover,1.56,True,regain,True
24,352,0,3932,4058,127,5.08,02:37,02:42,95.23223735377698,52.161704886333986,78.44137771762433,47.95993699139132,own_third,left,True,2,0.7874015748031497,3,0.9073123134016559,9.598425196850394,204,0.5196850393700787,1.6799094892948645,2.9326276602821553,0.3385826771653543,0.45588235294117646,turnover,2.28,True,regain,True
25,353,1,4059,4125,67,2.68,02:42,02:45,96.4317155083786,28.536546118544642,99.95100598333921,33.94613150345616,attacking_third,centre,False,2,0.6268656716417911,2,0.11074863721853606,10.0,116,0.6268656716417911,2.0254461547548797,3.55558102902347,0.5074626865671642,0.4672619047619048,turnover,0.0,True,relieved,False
26,454,0,4301,4315,15,0.6,02:52,02:52,72.26371485340681,4.377835362239932,65.7376185118124,8.52567937649482,own_third,right,False,1,0.7333333333333333,1,2.555973291980839,9.733333333333333,205,1.0,3.761022435150911,3.925466284246767,0.1333333333333333,0.1736111111111111,restart,0.48,False,relieved,False
27,454,0,4552,4673,122,4.88,03:02,03:06,71.234212260986,13.484073785144366,78.20387647692291,5.4130396430014365,own_third,right,False,2,0.7049180327868853,3,1.3795782104573089,10.0,222,0.5491803278688525,1.8389923651391142,3.88607125104434,0.0,0.39699074074074076,restart,10.52,False,relieved,False
28,454,0,4804,4895,92,3.68,03:12,03:15,67.31851008216056,49.96606599176083,87.95477406107632,13.08628828440933,middle_third,left,False,2,0.45652173913043476,4,0.6104688742010727,10.0,219,0.42391304347826086,1.8054118864218422,2.740002039621322,0.6521739130434783,0.23015873015873017,restart,20.6,False,relieved,True
29,455,1,4941,4982,42,1.68,03:17,03:19,76.06001000979899,30.8402212220683,72.88024086675964,22.277205648609645,attacking_third,centre,False,1,0.3333333333333333,4,0.8880388395823395,9.0,117,0.5,0.7103861723362684,3.6220304979981934,0.7619047619047619,0.21428571428571427,turnover,0.08,True,regain,True
30,456,0,4983,5001,19,0.76,03:19,03:20,71.40508941303034,27.86022638912519,69.2271344198128,28.035606244506397,own_third,centre,False,1,1.0,3,0.3569882698815762,10.0,207,1.0,-0.6181809558826041,2.023695447875792,0.0,0.041666666666666664,turnover,0.0,True,relieved,True
31,457,1,5074,5265,192,7.68,03:22,03:30,72.95965210380685,35.458370317485276,86.85633466431523,64.04957900051163,attacking_third,centre,False,2,1.078125,3,0.679687715525224,9.6875,123,0.4322916666666667,3.375711545736243,4.485629687880339,0.15104166666666663,0.4261664261664262,turnover,0.0,True,relieved,False
32,457,1,5297,5389,93,3.72,03:31,03:35,91.79160085829832,64.88853067657595,80.62985908691856,49.69406039290293,attacking_third,right,False,1,0.34408602150537637,2,1.8836450564962353,10.0,106,0.26881720430107525,1.1888120097095336,3.0020348413632796,0.8387096774193549,0.46296296296296297,turnover,8.92,False,dead_or_untracked,False
33,575,0,5893,5915,23,0.92,03:55,03:56,73.30551384459588,24.615432229003257,77.92653696593736,24.568969310483034,own_third,centre,False,3,1.7826086956521738,3,3.398320174293112,10.0,205,0.5652173913043478,4.131369962107064,5.844745960074841,0.0,0.4444444444444445,turnover,8.32,False,regain_unstable,False
34,576,1,5928,5944,17,0.68,03:57,03:57,81.38968719429158,26.02517241609032,86.03349787588999,26.275419830228227,attacking_third,centre,False,1,1.0,1,2.2161628567723124,10.0,108,1.0,2.7171993481154164,7.691354348689901,0.0,0.2916666666666667,turnover,0.48,True,regain,True
35,577,0,5945,5970,26,1.04,03:57,03:58,86.14912265810744,37.00436395519985,90.48309868239282,35.39325798102525,own_third,centre,False,2,1.1153846153846154,3,1.3123739374874885,9.923076923076923,204,1.0,3.7207096819863716,7.176477521993585,0.46153846153846156,0.4212962962962963,turnover,0.0,True,relieved,False
36,577,0,6006,6087,82,3.28,04:00,04:03,92.14741187280889,34.64229759293838,98.50854226295428,49.492958518570816,own_third,centre,True,2,0.975609756097561,5,0.04883238237302116,9.024390243902438,221,0.5975609756097561,2.3104761731650614,2.9741608974705067,0.012195121951219523,0.4253472222222222,turnover,2.44,True,regain,True
37,578,1,6098,6109,12,0.48,04:03,04:04,91.1118158878496,40.59346283698496,89.91851430997319,42.573328139643614,attacking_third,centre,False,2,1.75,3,1.0726480353961498,10.0,106,1.0,6.340070414763254,6.991386904185512,1.0,,turnover,0.4,True,relieved,False
38,578,1,6141,6172,32,1.28,04:05,04:06,87.29226005194349,50.33855060373101,86.15606510285264,57.023666641503645,attacking_third,right,False,3,2.4375,4,1.699889428012753,10.0,111,0.71875,2.374094293652628,5.085618788604726,1.0,,turnover,2.12,True,regain,True
39,610,0,6216,6335,120,4.8,04:08,04:13,84.08997228095835,62.377200033444936,66.05825085832247,49.48075991068023,own_third,left,False,2,0.48333333333333334,3,1.638087541659592,10.0,219,1.0,3.6201694567713867,4.45364944891597,0.41666666666666663,0.2777777777777778,turnover,0.48,True,relieved,False
40,644,0,6670,6951,282,11.28,04:26,04:38,87.95921547423303,65.54539839131246,104.13577649602595,33.76757247029849,own_third,left,False,1,0.5212765957446809,4,0.8322050365542834,9.124113475177305,204,0.3829787234042553,0.7709723387620242,2.889527935505939,0.1950354609929078,0.5794082125603867,restart,9.52,False,relieved,False
41,648,0,7026,7077,52,2.08,04:41,04:43,94.54728689014648,62.77010186710555,100.97074637140071,62.431845694570235,own_third,left,False,2,1.5192307692307692,3,0.387256007155496,10.0,219,0.6346153846153846,4.6311956102486596,4.185557124714853,0.0,0.5557539682539682,restart,0.48,False,regain,True
42,649,1,7078,7168,91,3.64,04:43,04:46,99.48355347074802,63.07355926791299,64.3299876924408,32.466257431950375,attacking_third,right,False,2,1.0769230769230769,3,0.823023202672993,10.0,106,0.6043956043956044,2.541034470072702,3.5913887361682786,0.39560439560439564,0.23088023088023088,turnover,0.0,True,relieved,True
43,660,0,7331,7497,167,6.68,04:53,04:59,60.961981796232244,46.95806289385848,79.60998932835727,38.907244033604904,middle_third,left,False,2,0.8862275449101796,4,0.7827972193655394,10.0,219,0.9041916167664671,2.787986128705818,4.103948840798173,0.0,0.3226310726310726,turnover,4.52,True,regain_unstable,False
44,661,1,7498,7513,16,0.64,04:59,05:00,80.76101035018215,39.18991224842699,81.18254518184132,36.01825402030535,attacking_third,centre,False,1,1.0,2,1.1722542901093298,10.0,108,1.0,1.6296293264314885,6.771732324326701,0.0,0.30357142857142855,turnover,0.0,True,regain,True
45,662,0,7514,7540,27,1.08,05:00,05:01,80.69250875790667,34.41685006476535,82.27059633338567,28.602026170757522,own_third,centre,False,2,1.1851851851851851,5,0.9173064843158001,10.0,205,1.0,5.34774630631497,6.813657139169675,0.0,0.4236111111111111,turnover,0.0,True,relieved,False
46,662,0,7581,7687,107,4.28,05:03,05:07,82.86761039945077,15.384835961221135,86.96843337894191,11.972635140884307,own_third,right,False,1,0.5700934579439252,2,1.4990315137533687,10.0,214,0.5607476635514018,1.8122874453981546,4.309421087267161,0.11214953271028039,0.5263157894736842,turnover,2.68,True,relieved,False
47,1054,0,8662,8769,108,4.32,05:46,05:50,48.542115604364255,51.79766622250463,45.85406077221643,61.42680870761185,middle_third,left,False,3,1.0,4,0.4406792213801436,10.0,207,0.7870370370370371,1.1030107224984016,2.817544793580723,0.2685185185185185,0.25595238095238093,turnover,0.0,True,relieved,False
48,1131,0,9211,9239,29,1.16,06:08,06:09,55.691394469472456,12.969447569760082,59.679374039545465,20.910502992958417,middle_third,right,False,1,0.8275862068965517,1,1.5122002873622453,10.0,207,1.0,3.3983326654655746,4.582374737800813,0.1724137931034483,0.2013888888888889,restart,0.48,False,relieved,False
49,1131,0,9391,9478,88,3.52,06:15,06:19,83.87592867365342,56.52047152748613,88.61898028145532,45.148786492621525,own_third,left,False,2,1.0227272727272727,4,0.4469841090246263,10.0,215,1.0,2.145986152510208,4.565411711881334,0.13636363636363635,0.24166666666666667,restart,7.68,False,regain_unstable,False
50,1132,1,9479,9504,26,1.04,06:19,06:20,92.51226303982416,44.25751870300973,93.0860172026486,43.20499496191281,attacking_third,centre,False,1,1.0,3,0.4289846297042757,10.0,106,1.0,1.0710044392223896,2.7422231283474288,0.0,0.18571428571428567,turnover,0.0,True,regain,True
51,1133,0,9511,9774,264,10.56,06:20,06:30,86.2519122788421,47.316148799642676,57.65990715225877,37.81685783953558,own_third,left,False,3,0.6628787878787878,4,0.5529676671671033,9.928030303030303,207,0.38636363636363635,2.7941314777392985,3.8269092157281044,0.21212121212121215,0.28373015873015867,turnover,0.24,True,relieved,False
52,1133,0,9891,10034,144,5.76,06:35,06:41,91.7072070765177,55.19172389734456,106.08316423906969,49.017741024263884,own_third,left,False,2,1.0833333333333333,2,0.6114639899738878,10.0,221,0.8611111111111112,2.427279839587719,3.7413588932774022,0.08333333333333337,0.5128205128205129,turnover,15.44,False,dead_or_untracked,False
53,1660,1,10600,10614,15,0.6,07:04,07:04,99.17950349793377,42.2854263912635,99.40143723220771,41.317388887168434,attacking_third,centre,False,1,1.0,1,2.692300752656187,10.0,111,1.0,4.8430918948625825,5.0568300627023826,0.0,0.1851851851851852,restart,1.56,False,relieved,False
54,1985,1,11035,11163,129,5.16,07:21,07:26,44.84941243732255,9.179392393388948,67.97630848306308,19.22687966580229,middle_third,left,False,2,0.813953488372093,2,0.17449522973098283,9.44186046511628,116,0.8914728682170543,3.2517441152275897,5.059728039830398,0.06976744186046513,0.4149305555555556,restart,0.36,False,relieved,False
55,1985,1,11195,11222,28,1.12,07:27,07:28,73.53572147392467,28.21608272036682,74.23838177741041,28.21431670131504,attacking_third,centre,False,1,1.0,1,1.3278817235445395,10.0,111,1.0,3.964475377109474,4.4729994437640865,0.0357142857142857,0.3083333333333333,restart,6.76,False,relieved,False
56,1985,1,11329,11578,250,10.0,07:33,07:43,53.40361442591459,64.9831761859769,41.41819079857028,65.74099600073676,middle_third,right,False,2,1.004,3,0.32986712877127994,10.0,117,0.416,3.4296174631000276,4.14053508883705,0.31599999999999995,0.38929738562091504,restart,12.12,False,regain,True
57,1986,0,11579,11596,18,0.72,07:43,07:43,40.280415327732165,66.52789619433564,38.58158698741327,67.05121949238726,middle_third,left,False,1,0.7222222222222222,2,0.6240602809186266,10.0,204,1.0,-1.0910087428759878,4.430410394140121,0.0,0.21875,turnover,0.0,True,relieved,False
58,2002,1,12228,12245,18,0.72,08:09,08:09,55.56850637687434,10.551434697047002,60.25964077040943,11.977447253858664,middle_third,left,False,1,1.0,1,0.26133562164111107,9.444444444444445,116,1.0,3.9544748021921268,3.7015785622320223,1.0,,turnover,2.92,True,regain,True
59,2003,0,12258,12320,63,2.52,08:10,08:12,59.14054121754756,14.718375998552183,75.44440621810448,46.23846890323488,middle_third,right,False,2,0.4126984126984127,3,1.605618168740041,9.222222222222221,205,0.47619047619047616,-0.13746953612190108,4.0933614868869075,0.46031746031746035,0.44132653061224486,turnover,0.48,True,regain,True
60,2004,1,12445,12598,154,6.16,08:17,08:23,85.07555638482305,46.67324872992202,83.81315516902143,58.52850764321509,attacking_third,right,False,1,0.6883116883116883,2,1.2747170360182705,10.0,111,0.512987012987013,3.108955904226181,4.842243219096933,0.09740259740259738,0.3452380952380953,turnover,4.96,True,relieved,False
61,2004,1,12711,12730,20,0.8,08:28,08:29,99.47116881523871,40.547751037283916,99.06722202858623,41.26824688948254,attacking_third,centre,False,1,0.95,1,3.1009764071719297,10.0,116,1.0,4.179833311554914,4.319337541283717,0.0,0.19999999999999998,turnover,15.6,False,relieved,False
62,2055,0,12940,12951,12,0.48,08:37,08:38,12.51520100562206,34.707242361826786,11.63088294975906,34.25101339379306,attacking_third,centre,False,1,1.0,1,3.062084232579679,10.0,207,1.0,5.928427486452663,5.97049126562479,0.0,0.26666666666666666,restart,3.36,False,relieved,False
63,2055,0,12994,13031,38,1.52,08:39,08:41,14.267614591006094,56.20938272518259,18.85741972669944,56.1563102826795,attacking_third,left,False,1,0.42105263157894735,1,2.8759223029376475,10.0,204,1.0,0.028194276767162456,6.0061621957201154,0.0,0.27777777777777773,restart,5.52,False,relieved,False
64,2055,0,13491,13560,70,2.8,08:59,09:02,71.46635387662675,21.288681314877394,91.02903967476638,47.61260968383395,own_third,right,False,1,0.8285714285714286,3,0.6886840792859478,10.0,205,0.8285714285714286,3.5967432052211117,5.4328787664774545,0.17142857142857137,0.3888888888888889,restart,25.4,False,relieved,False
65,2055,0,13588,13639,52,2.08,09:03,09:05,96.44768359308682,49.947757855483175,97.14002345545877,46.09429308444658,own_third,left,True,1,0.7884615384615384,3,0.4801755301498464,9.096153846153847,221,1.0,1.9742887641078855,2.19029782525807,0.23076923076923073,0.7638888888888888,restart,29.28,False,relieved,False
66,2076,1,13925,13949,25,1.0,09:17,09:17,100.43620040452123,35.46145136603995,100.89039728660507,35.20634305677195,attacking_third,centre,False,1,1.0,1,2.967907892926767,9.6,117,1.0,2.960893658809567,3.1734416735356694,0.0,0.23214285714285712,turnover,4.72,True,regain,True
67,2221,1,14421,14511,91,3.64,09:36,09:40,91.04875569406181,28.17984552845064,57.90885969342158,25.038860565006033,attacking_third,centre,False,2,0.6593406593406593,3,0.5680560918622688,8.76923076923077,116,0.3956043956043956,3.249405210575612,5.74352727108189,0.4285714285714286,0.35238095238095235,turnover,0.48,True,regain,True
68,2222,0,14529,14581,53,2.12,09:41,09:43,53.22087600763139,29.569943969734,33.480548711929025,33.1300663485094,middle_third,centre,False,1,0.9433962264150944,1,0.1342787877765707,9.377358490566039,222,0.9811320754716981,7.74632106530338,7.978476354366776,0.037735849056603765,0.03968253968253968,turnover,0.68,True,relieved,False
69,2222,0,14843,14863,21,0.84,09:53,09:54,69.68229992048265,51.61652860848411,78.58783345852517,51.85175756998317,middle_third,left,False,1,1.0,1,2.768888227021647,10.0,221,1.0,4.186888086173598,6.822879172359372,1.0,,turnover,13.24,False,regain,True
70,2223,1,14871,14892,22,0.88,09:54,09:55,80.0617418773842,52.14695685277372,87.01432528179049,49.024062211460524,attacking_third,right,False,1,1.0,1,0.9048966929395805,10.0,111,1.0,5.603218970758765,7.753908860676195,0.5454545454545454,0.1111111111111111,turnover,0.28,True,relieved,False
71,2223,1,14932,15092,161,6.44,09:57,10:03,97.4842575387815,45.35240901973628,91.34303756749449,47.64688547344756,attacking_third,right,False,2,1.279503105590062,4,0.6702003031183321,9.956521739130435,111,0.577639751552795,2.1526616192041743,3.657855442036084,0.0,0.3081597222222222,turnover,2.72,True,relieved,False
72,2223,1,15169,15182,14,0.56,10:06,10:07,92.91613303180337,15.758161470127067,86.7256450295706,13.932293338642513,attacking_third,left,False,1,1.0,1,2.566177080146499,10.0,116,1.0,4.289467099635956,5.690119343551646,1.0,,turnover,12.2,False,relieved,False
73,2262,1,15373,15394,22,0.88,10:14,10:15,92.05874654713037,51.32251856127424,83.84065543751774,59.64292002820936,attacking_third,right,False,1,0.6818181818181818,1,2.658014794790424,10.0,111,1.0,3.5164620660177888,4.167264561596607,1.0,,restart,3.64,False,relieved,False
74,2262,1,15472,15551,80,3.2,10:18,10:22,67.96658838664145,64.2261688168831,63.21205133459233,56.92023193502888,middle_third,right,False,1,0.8125,2,0.4606148007333956,10.0,117,0.5625,3.858821710231448,4.555901344312511,0.2875,0.22474747474747475,restart,7.6,False,regain,True
75,2263,0,15560,15657,98,3.92,10:22,10:26,63.31051162133706,57.995676715965516,80.01555158077193,67.04396388121721,middle_third,left,False,2,0.8469387755102041,3,0.857003720576002,10.0,208,0.7040816326530612,3.6587935521309283,5.397519408055849,0.23469387755102045,0.3678571428571429,turnover,0.32,True,regain,True
76,2355,0,16260,16342,83,3.32,10:50,10:53,66.10932072989856,17.62025321531862,60.680165386650074,29.234905452276525,middle_third,right,False,1,0.7108433734939759,1,1.3175476791330065,10.0,219,0.891566265060241,1.8967157674153852,2.808077122243274,0.10843373493975905,0.20000000000000004,restart,4.16,False,relieved,False
77,2355,0,16476,16631,156,6.24,10:59,11:05,81.08211017977001,66.16761734901392,96.91119097009198,55.41452509740178,own_third,left,False,2,0.6346153846153846,4,0.6828052626787419,10.0,208,0.44871794871794873,2.6787936933028775,3.5933003243051007,0.6538461538461539,0.4646464646464647,restart,12.8,False,regain,True
78,2357,1,16652,16905,254,10.16,11:06,11:16,92.376028178762,57.06260685717717,77.60689690075247,67.42522076241472,attacking_third,right,False,2,0.4763779527559055,3,0.029698079468540285,10.0,106,0.5354330708661418,0.8112862501842771,2.4480055345103584,0.12992125984251968,0.39172979797979796,turnover,0.76,True,relieved,False
79,2457,0,17075,17127,53,2.12,11:23,11:25,77.00481115836672,61.98516888985565,74.86921375521683,67.57568631749453,own_third,left,False,1,0.8867924528301887,2,0.21371953788243667,10.0,208,0.5471698113207547,0.6587673939703586,1.280976882039197,0.0,0.2927489177489177,restart,0.28,False,regain,True
80,2458,1,17129,17225,97,3.88,11:25,11:29,74.65561842141554,58.15898602529866,87.41665702017318,33.49475747536028,attacking_third,right,False,2,0.8144329896907216,3,0.6599571296316901,10.0,123,0.6185567010309279,2.7178220105842006,3.854674497217309,0.04123711340206182,0.23391812865497078,turnover,0.04,True,relieved,False
81,2458,1,17358,17404,47,1.88,11:34,11:36,79.06723211989032,3.8144756015958414,78.87678887458966,5.268468857203203,attacking_third,left,False,1,0.8723404255319149,2,1.2405712812719976,10.0,103,1.0,2.7906685420914825,4.284340356341305,0.25531914893617025,0.48809523809523814,turnover,9.2,False,relieved,False
82,2795,0,17814,17860,47,1.88,11:52,11:54,71.2963397078867,11.160920870756545,70.93970209721313,19.668707981024387,own_third,right,False,1,0.7021276595744681,2,0.22221308012888633,10.0,205,1.0,1.0185798612989951,4.211976023332065,0.0,0.20257936507936508,restart,0.0,False,regain,True
83,2796,1,17881,17930,50,2.0,11:55,11:57,77.03561158641865,29.381395982689433,68.91221507600088,45.46143578916535,attacking_third,centre,False,1,0.8,2,0.1346255640128742,10.0,108,0.68,3.5083772480388364,5.609751508918332,0.36,0.13095238095238096,turnover,0.8,True,relieved,False
84,2796,1,17994,18028,35,1.4,11:59,12:01,54.790157999263144,55.022865058018965,33.87475902460435,42.83519625214531,middle_third,right,False,1,0.8857142857142857,2,1.373215740662654,9.971428571428572,108,0.6571428571428571,3.9268080474304066,8.373864019421761,0.34285714285714286,0.2666666666666666,turnover,5.32,False,regain,True
85,2797,0,18085,18149,65,2.6,12:03,12:05,41.33269580364556,56.14279280131437,53.369097974637555,49.36201509435624,middle_third,left,False,1,0.9076923076923077,4,3.1648966724123593,10.0,204,0.7538461538461538,5.186104712906977,5.595519932538732,0.0,0.1987179487179487,turnover,2.24,True,relieved,False
86,2797,0,18195,18262,68,2.72,12:07,12:10,58.925945543855846,30.716003324640575,78.81188451467938,13.927790889381024,middle_third,centre,False,2,0.9411764705882353,3,1.848549337667058,10.0,222,0.75,2.2030663285354155,6.972577261514854,0.25,0.34722222222222227,turnover,6.64,False,relieved,False
87,3172,1,18802,18832,31,1.24,12:32,12:33,82.80278119531923,7.530052107690876,87.55995406906233,11.690340536753984,attacking_third,left,False,1,0.967741935483871,1,1.6191129989856428,10.0,116,1.0,3.2179768474423174,3.7619619930466346,0.032258064516129004,0.14814814814814814,restart,1.0,False,relieved,False
88,3318,1,20244,20255,12,0.48,13:29,13:30,65.89526044234309,3.0152391997635895,68.49194801254643,-0.06931291429469787,middle_third,left,False,1,1.0,1,0.11714480616423094,10.0,116,1.0,0.8074431112474086,4.168157012708019,1.0,,turnover,1.8,True,regain,True
89,3319,0,20292,20308,17,0.68,13:31,13:32,72.29666051143674,9.420484215247054,71.88365051053722,7.853177188248144,own_third,right,False,1,1.0,2,0.47856756407894213,10.0,222,1.0,2.7282654535691675,5.054115912734004,1.0,,turnover,1.44,True,relieved,True
90,3320,1,20390,20451,62,2.48,13:35,13:38,88.12618088883195,22.876807101919358,95.30008782727359,27.215412684271964,attacking_third,centre,False,1,0.3225806451612903,1,3.53658909571171,10.0,109,1.0,3.129969183769786,4.695330318366596,0.3870967741935484,0.26944444444444443,turnover,0.48,True,regain,True
91,3321,0,20470,20520,51,2.04,13:38,13:40,90.11498963179315,20.44384219419127,49.591043920553155,15.356862441398993,own_third,right,True,1,0.7450980392156863,2,1.3977699402233335,10.0,202,0.6666666666666666,3.2427482416980045,5.189948370939563,0.33333333333333337,0.2380952380952381,turnover,0.48,True,relieved,False
92,3351,1,20634,20670,37,1.48,13:45,13:46,61.03010735484463,33.747723039935316,64.72523273981574,40.088972341172436,middle_third,centre,False,1,1.0,2,0.42298370812634895,10.0,106,1.0,3.3825527445002654,4.5081306018691745,0.32432432432432434,0.31547619047619047,turnover,1.04,True,regain,True
93,3352,0,20676,20796,121,4.84,13:47,13:51,62.40480659491109,40.06486101610231,72.8324747831936,14.224066310547325,middle_third,centre,False,1,0.49586776859504134,3,0.510505055055882,10.0,219,0.8429752066115702,2.2576823452267627,3.872367909364456,0.15702479338842978,0.21736111111111106,turnover,0.2,True,relieved,False
94,3352,0,20934,20968,35,1.4,13:57,13:58,65.3910167014884,28.138966778431108,62.83157945666291,43.123215817167186,middle_third,centre,False,1,0.4857142857142857,2,3.1192485167974513,10.0,207,1.0,3.6624097032744456,4.769439373294457,1.0,,turnover,10.52,False,relieved,False
95,3352,0,21072,21085,14,0.56,14:02,14:03,72.71617304352412,51.14696896165348,72.78792028712279,50.15532274155474,own_third,left,False,1,0.7142857142857143,1,4.117988609863668,10.0,208,1.0,2.692856695214059,3.3292981711718044,0.0,0.25925925925925924,turnover,16.04,False,relieved,False
96,3352,0,21197,21276,80,3.2,14:07,14:11,69.2594411665957,16.260178885506456,86.89686663623625,0.9731710739184549,middle_third,right,False,1,0.85,2,2.020143739238785,10.0,207,0.6875,3.7115049252049404,4.6137856676685685,0.15000000000000002,0.5882936507936508,turnover,21.04,False,relieved,False
97,3352,0,21305,21336,32,1.28,14:12,14:13,75.22517601808246,4.3220059574116565,64.77514653427917,12.800643189326712,own_third,right,False,1,0.90625,1,2.2607534889828513,10.0,222,0.90625,5.437432728011439,5.969301745632856,0.09375,0.34027777777777773,turnover,25.36,False,relieved,False
98,3352,0,21533,21593,61,2.44,14:21,14:23,68.97058145369958,42.2210898229841,69.81384003748278,21.497034476071903,middle_third,centre,False,1,0.9508196721311475,1,1.4618960182917813,10.0,219,0.9508196721311475,3.3794093565582806,4.005542222125868,0.4098360655737705,0.15625,turnover,34.48,False,relieved,False
99,3352,0,21672,21733,62,2.48,14:26,14:29,75.08245741480297,12.74735792098042,74.42447989335278,10.837870236498055,own_third,right,False,1,0.8064516129032258,2,1.0657533305315205,10.0,207,1.0,2.5086024908503584,3.7241586095990256,0.0,0.28935185185185186,turnover,40.04,False,relieved,False
100,3352,0,21824,21847,24,0.96,14:32,14:33,75.44134221309719,47.61592475286691,75.77707332134196,49.98075307753827,own_third,left,False,1,1.0,1,3.6651603125011616,10.0,208,1.0,2.5892701501809996,4.236877348377376,0.0,0.47777777777777775,turnover,46.12,False,dead_or_untracked,False
101,3719,0,22433,22465,33,1.32,14:57,14:58,54.17919353079044,13.523878379077868,54.54641896924218,14.336921102294614,middle_third,right,False,1,1.0,1,0.04287826664818413,10.0,222,1.0,1.085282319566179,3.7959004009631423,0.0,0.0,turnover,0.2,True,relieved,False
102,3719,0,22497,22557,61,2.44,14:59,15:02,57.12029302198978,3.0094093875730126,42.68944683873127,5.367935852530076,middle_third,right,False,2,1.098360655737705,2,2.64503486444956,10.0,222,0.8360655737704918,4.073143819526453,5.8772482786017095,0.21311475409836067,0.3777777777777778,turnover,2.76,True,relieved,False
103,3719,0,22748,22815,68,2.72,15:09,15:12,47.55952535248986,37.842991804623736,58.67824822237765,32.03220433430211,middle_third,centre,False,1,0.9852941176470589,1,0.44398095943797655,10.0,219,1.0,5.758491609466869,5.6832323994292935,0.4117647058823529,0.19444444444444442,turnover,12.8,False,relieved,False
104,3719,0,22851,22915,65,2.6,15:14,15:16,60.528774072498734,25.72950394816403,58.00316036494752,27.734219420137062,middle_third,centre,False,1,0.4307692307692308,2,0.6085561215768361,10.0,219,1.0,-0.27711277750313706,2.400649438981331,0.4,0.2901785714285714,turnover,16.92,False,relieved,False
105,3748,0,23097,23118,22,0.88,15:23,15:24,73.01574883894884,1.6250100569422394,73.44444997631183,2.241452354079842,own_third,right,False,1,0.6818181818181818,1,2.912488744918873,10.0,222,1.0,2.262760206020922,3.580865799263026,0.0,0.2569444444444444,restart,3.6,False,relieved,False
106,3748,0,23230,23378,149,5.96,15:29,15:35,60.22512280941861,34.03267326393079,51.70542660515954,11.618705632754821,middle_third,centre,False,2,0.6241610738255033,2,1.5800378059678128,10.0,205,0.6375838926174496,3.861453533686343,4.776683236751358,0.28859060402684567,0.4074074074074074,restart,8.92,False,relieved,False
107,3748,0,23407,23430,24,0.96,15:36,15:37,48.75578982693956,15.793024486407466,48.616871410109695,17.39886046263824,middle_third,right,False,1,0.9166666666666666,1,2.3152771825123972,10.0,205,1.0,5.0616261245470415,5.650407752851353,0.0,0.33333333333333326,restart,16.0,False,relieved,False
108,3748,0,23458,23533,76,3.04,15:38,15:41,48.18965928933393,33.23090078087336,77.20478970694337,13.112688236648662,middle_third,centre,False,2,0.9736842105263158,2,0.16104877689241498,10.0,207,0.47368421052631576,4.047140359126987,5.5209596747579255,0.10526315789473684,0.3293650793650794,restart,18.04,False,relieved,False
109,3748,0,23576,23650,75,3.0,15:43,15:46,86.70882833814184,6.637307489587986,101.17911530665049,11.02661001697801,own_third,right,False,1,0.84,1,0.7029840518367361,8.973333333333333,214,1.0,3.3505631732409498,4.574846559189488,0.48,0.1875,restart,22.76,False,relieved,False
110,4305,1,24573,24622,50,2.0,16:22,16:24,97.1148094164134,50.981891745790854,98.92865466526936,64.33172427795728,attacking_third,right,False,1,1.0,1,0.906138020096482,9.9,116,1.0,4.1785287120172026,7.182482787239571,0.52,0.37142857142857144,restart,0.0,False,regain,True
111,4306,0,24635,24660,26,1.04,16:25,16:26,98.82882073666612,68.14717013361071,100.81691347674459,69.93636374180596,own_third,left,False,1,0.9230769230769231,1,2.277934649467313,10.0,208,1.0,5.436803027264376,4.71275390232916,0.0,0.40740740740740744,turnover,0.48,True,relieved,True
112,4306,0,24681,24694,14,0.56,16:27,16:27,102.32834926016679,45.51681744993899,99.72660337990023,43.92438745863107,own_third,left,True,1,1.0,1,0.18047822814572517,10.0,215,1.0,4.510038944971476,4.175913380176092,1.0,,turnover,2.32,True,regain,True
113,4371,1,24847,24923,77,3.08,16:33,16:36,56.13132184015093,62.918662696550314,40.16706693293982,65.79038774979642,middle_third,right,False,2,1.7142857142857142,3,0.3803961042408766,8.87012987012987,117,1.0,4.982099098417042,6.314076921337505,0.3246753246753247,0.44861111111111107,restart,0.0,False,relieved,True
114,4372,0,24999,25027,29,1.16,16:39,16:41,20.7428325516462,43.85480479924449,19.805501251945188,45.73135036646008,attacking_third,centre,False,1,1.0,1,1.106419895968528,8.379310344827585,207,1.0,5.893883521489148,6.338193338436068,0.0,0.08167989417989417,turnover,0.56,True,relieved,False
115,4405,1,25185,25533,349,13.96,16:47,17:01,53.80176393975099,58.472507269248155,55.1579642218802,59.93012707440519,middle_third,right,False,1,0.6160458452722063,3,0.9108738572933883,8.756446991404012,116,0.41260744985673353,2.0727151017522356,2.5419472213022183,0.40114613180515757,0.4522425249169435,turnover,2.0,True,relieved,False
116,4486,1,25664,25693,30,1.2,17:06,17:07,41.54063010364688,26.962601076470524,41.88577470710233,33.027181657547075,middle_third,centre,False,1,1.0,1,0.52545870589961,9.133333333333333,103,1.0,1.6256151944871637,3.8335843557599025,0.0,0.3148148148148148,restart,0.52,False,regain,True
117,4487,0,25694,25723,30,1.2,17:07,17:08,40.69397468695085,42.29209431529017,45.591798386430554,40.837579290633194,middle_third,centre,False,1,0.9666666666666667,2,0.35269648025833744,10.0,207,0.8333333333333334,2.7901265596438125,4.618743073440327,0.4,0.5,turnover,0.0,True,relieved,False
118,4866,0,26286,26306,21,0.84,17:31,17:32,12.97316141813443,14.661904704639479,13.322227797285333,15.278047464121485,attacking_third,right,False,1,0.8095238095238095,2,3.9695328702065766,7.095238095238095,207,1.0,2.7450185914905925,2.909398792967145,0.0,0.07291666666666666,turnover,0.48,True,dead_or_untracked,False
119,5541,0,26986,27000,15,0.6,17:59,18:00,5.121450023911733,8.200476333093428,3.796658846065055,8.84151272531281,attacking_third,right,False,1,1.0,1,1.1748740392492512,9.0,222,1.0,3.5795860770189187,3.697317858453806,0.0,0.125,restart,0.2,False,dead_or_untracked,False
120,6012,0,27471,27532,62,2.48,18:18,18:21,25.79718941369707,59.57399556493887,18.422023654480192,64.81597666908873,attacking_third,left,False,3,1.2903225806451613,3,0.678491812276413,9.0,204,0.9032258064516129,2.2478360281981797,3.8917555025321144,0.08064516129032262,0.10606060606060605,restart,0.0,False,relieved,False
121,6047,0,27714,27726,13,0.52,18:28,18:29,34.06688178772957,62.38032305368208,35.2526396682724,62.45931912293965,attacking_third,left,False,1,1.0,3,1.1419019962172192,9.0,208,1.0,-1.501043111155201,3.1434075840508715,1.0,,restart,3.08,False,relieved,False
122,6118,0,27824,27847,24,0.96,18:32,18:33,41.50287671329236,62.194682121536786,21.867788056205967,64.92536705355772,middle_third,left,False,1,0.875,2,0.7505760358769227,9.0,208,0.875,1.3831058362996531,1.9827151858651038,0.125,0.6944444444444444,restart,0.0,False,relieved,False
123,6118,0,27899,27926,28,1.12,18:35,18:37,29.73307826890062,56.07563893082697,29.898457932702513,59.39667334515352,attacking_third,left,False,1,1.0,3,0.6996833717853146,9.0,221,0.9642857142857143,4.648750849982826,4.9415863854290425,0.3214285714285714,0.14930555555555555,restart,3.0,False,regain,True
124,6167,0,28058,28088,31,1.24,18:42,18:43,48.738114264465224,54.92024945563675,50.67972428279089,56.191408496421374,middle_third,left,False,2,0.7419354838709677,3,0.910267804062233,9.35483870967742,208,0.6774193548387096,-0.034079468857283565,2.791666867504537,0.0,0.14583333333333334,turnover,0.0,True,regain,True
125,6168,1,28101,28139,39,1.56,18:44,18:45,48.60340471334783,51.91798428825415,46.83878079239622,49.64113296902049,middle_third,right,False,2,1.435897435897436,4,1.4114352844988907,10.0,108,1.0,1.221628829433491,2.7859130403746444,0.0,0.20634920634920637,turnover,0.48,True,relieved,False
126,6168,1,28159,28212,54,2.16,18:46,18:48,27.746363811956417,37.054327047910306,9.777884380521169,35.58625635847006,own_third,centre,False,2,1.5925925925925926,2,0.27242491040492706,10.0,105,0.6666666666666666,5.5711065846690015,7.159857534710398,0.6111111111111112,0.2222222222222222,turnover,2.8,True,relieved,True
127,6169,0,28958,28990,33,1.32,19:18,19:19,63.40617070654076,52.07276972704865,62.958653321211216,31.496025167325154,middle_third,left,False,1,0.696969696969697,1,2.475451909371597,10.0,204,0.7575757575757576,2.758360556035409,4.013720112425279,0.24242424242424243,0.08888888888888888,turnover,29.0,False,relieved,False
128,6171,0,29188,29205,18,0.72,19:27,19:28,82.30230917377412,19.010660683899815,82.42642607892117,17.40576952173236,own_third,right,False,1,1.0,3,0.09175046340626888,10.0,205,1.0,0.34675239790954454,3.1939255305186824,0.0,0.2232142857142857,turnover,0.44,True,regain,True
129,6172,1,29218,29269,52,2.08,19:28,19:30,86.25336730913622,13.79882906629858,79.98785492839957,12.80323417943623,attacking_third,left,False,2,0.5,3,2.379320476615034,9.961538461538462,109,0.6730769230769231,0.7192468400736982,2.5275489054510962,0.23076923076923073,0.3871527777777778,turnover,0.48,True,relieved,True
130,6173,0,29468,29664,197,7.88,19:38,19:46,65.31962638740049,30.39097504357928,86.94501803080793,56.57497681336635,middle_third,centre,False,2,0.6649746192893401,2,2.225015131426131,10.0,221,0.49238578680203043,2.150586588796816,3.2214506746913703,0.15228426395939088,0.4124579124579125,turnover,6.32,False,relieved,True
131,7816,1,31540,31553,14,0.56,21:01,21:02,82.35272911180542,2.985457079109124,85.58450428082793,0.4909882412163059,attacking_third,left,False,1,1.0,2,0.28397956110212447,10.0,111,1.0,1.3990623870267307,2.312771271208415,1.0,,restart,2.8,False,regain,True
132,7817,0,31569,31672,104,4.16,21:02,21:06,85.928605055756,1.9970702389996973,93.27576662375662,46.85219857750923,own_third,right,False,3,0.5576923076923077,3,0.6481797980287033,9.0,204,0.4423076923076923,2.2426668439430846,3.728650176556888,0.3173076923076923,0.3988095238095238,turnover,0.6,True,regain,True
133,7818,1,31726,31753,28,1.12,21:09,21:10,99.31013013394191,53.13012686135586,101.00891467416542,57.088004159850954,attacking_third,right,False,1,0.7857142857142857,1,4.303701581814608,10.0,105,1.0,2.9183019594268527,5.249178988943812,0.0,0.42857142857142855,turnover,2.12,True,relieved,True
134,7818,1,31778,31797,20,0.8,21:11,21:11,69.24748823421208,46.64489166884707,63.14309509767046,43.076301659132724,middle_third,right,False,1,1.0,1,1.421932221072303,10.0,117,1.0,1.952079780274892,7.235092247632791,1.0,,turnover,4.2,True,regain,True
135,7899,0,32314,32345,32,1.28,21:32,21:33,85.68410013904247,2.632167179202769,87.15984407741654,3.5383344681720326,own_third,right,False,1,0.59375,1,1.7986723869435708,9.0,202,1.0,1.839425421493294,2.933287737950731,0.0,0.5396825396825397,restart,7.32,False,regain_unstable,False
136,7901,0,32386,32408,23,0.92,21:35,21:36,75.63987011914742,8.395377468594397,75.6407602142522,9.45710834072853,own_third,right,False,1,1.0,1,2.125777879260973,9.26086956521739,205,1.0,2.7360186690288284,2.815320272772493,0.0,0.2638888888888889,turnover,0.6,True,relieved,True
137,7902,1,32471,32513,43,1.72,21:38,21:40,63.73863826076499,13.69329148482905,69.32337948066248,1.4321067194991017,middle_third,left,False,1,1.0,2,0.1163572369155928,10.0,105,0.627906976744186,2.5800135477370194,5.2146414410970445,0.37209302325581395,0.25,turnover,0.0,True,regain,True
138,7903,0,32526,32542,17,0.68,21:41,21:41,68.12509329196143,3.17523201411076,66.09972193996113,4.0585985713871775,middle_third,right,False,2,2.0,2,0.12998762911535244,9.0,207,0.9411764705882353,3.260882725730104,3.627961775818926,0.0,0.4074074074074074,turnover,0.48,True,relieved,False
139,7903,0,32573,32600,28,1.12,21:42,21:44,61.100157886039014,21.86836060438428,59.497613419201116,30.691654714534117,middle_third,right,False,1,0.9642857142857143,1,0.9092938471811465,9.392857142857142,205,1.0,5.164379416474907,4.364486686248603,0.0357142857142857,0.2888888888888889,turnover,2.36,True,relieved,False
140,7903,0,32860,33077,218,8.72,21:54,22:03,68.91490577878916,34.72676165992475,71.7369968204632,55.51543588353171,middle_third,centre,False,2,0.6376146788990825,3,1.0035012334872793,10.0,204,0.4724770642201835,2.7936841458641815,4.006977877195357,0.22935779816513757,0.35648148148148145,turnover,13.84,False,relieved,False
141,7903,0,33223,33280,58,2.32,22:08,22:11,80.15715014637547,18.044739991728733,91.07872906651215,5.550682642142815,own_third,right,False,1,0.5,1,1.8181449698194339,10.0,205,0.5689655172413793,1.561025649509621,3.828898298843158,0.2068965517241379,0.3209876543209876,turnover,28.36,False,relieved,True
142,7904,1,33326,33419,94,3.76,22:13,22:16,98.733785904792,11.619788502832243,97.12558556057522,22.446574860313287,attacking_third,left,False,1,0.4574468085106383,2,1.3330635135633886,9.925531914893616,103,0.648936170212766,-0.2850812195719607,3.224982927715654,0.12765957446808507,0.2065972222222222,turnover,0.08,True,relieved,False
143,7906,1,33496,33508,13,0.52,22:19,22:20,83.6185536374046,13.499723986834317,83.36845199698453,13.308644788421798,attacking_third,left,False,1,1.0,1,2.839546184979501,10.0,103,1.0,3.8370791768754797,3.8876271024838425,0.0,0.6527777777777778,restart,0.48,False,dead_or_untracked,False
144,8570,0,34315,34401,87,3.48,22:52,22:56,89.05398676776254,31.46700289665663,89.92291656369581,30.315607121937944,own_third,centre,True,1,0.11494252873563218,2,2.6744015151376876,9.827586206896552,202,1.0,0.6096341549853774,0.8267702795073013,0.13793103448275867,0.3037037037037037,restart,1.08,False,relieved,True
145,8570,0,34436,34464,29,1.16,22:57,22:58,92.08416213077138,29.966584599293178,92.63164333966265,33.091643868901095,own_third,centre,True,1,1.0,2,0.6099951678032492,10.0,202,1.0,0.404464934694046,1.0246943670401334,1.0,,restart,5.92,False,regain,True
146,8582,1,34578,34677,100,4.0,23:03,23:07,71.24651240512415,65.10547756746733,63.98808191302874,68.85371560289957,attacking_third,right,False,1,0.67,2,0.13076151722795934,10.0,111,1.0,2.4284830464006966,3.789244533354682,0.32999999999999996,0.28205128205128205,turnover,4.08,True,relieved,False
147,8690,1,34936,34951,16,0.64,23:17,23:18,50.858897657240504,61.135494236259945,45.73396533392053,58.187594124085976,middle_third,right,False,2,1.0625,3,3.248339925655292,10.0,117,1.0,2.607699151539724,3.2408414548677578,1.0,,restart,4.36,False,tracking_break,False
148,8706,1,34967,34997,31,1.24,23:18,23:19,44.1307918090239,56.60219534603157,44.651225756767566,49.39178765374632,middle_third,right,False,3,2.225806451612903,3,0.31691728326409124,10.0,102,0.3870967741935484,2.8649953262988093,5.126719635742921,0.3870967741935484,0.2569444444444444,restart,0.0,False,relieved,False
149,8733,1,35125,35201,77,3.08,23:25,23:28,27.73842394971834,13.31840802453495,38.92104195825266,26.259069564408726,own_third,left,False,1,0.45454545454545453,2,2.2721860334534956,9.792207792207792,103,0.6493506493506493,1.3559593182630338,3.093231855386634,0.0,0.40625,restart,1.52,False,relieved,False
150,8733,1,35248,35307,60,2.4,23:29,23:32,36.40801351338591,29.553392443036593,10.610154018429425,48.25835165611093,middle_third,centre,False,1,0.3333333333333333,2,2.558570768823103,10.0,106,0.7333333333333333,1.4323050187879935,3.9103626225413124,0.2666666666666667,0.345679012345679,restart,6.44,False,relieved,True
151,8734,0,35392,35571,180,7.2,23:35,23:42,9.482374478322852,65.61835985668074,26.67682671076333,54.002710562644964,attacking_third,left,False,2,0.6444444444444445,3,0.9708221776140922,9.933333333333334,219,0.4222222222222222,2.656541443836211,4.2146366032718525,0.21666666666666667,0.2088477366255144,turnover,1.36,True,relieved,False
152,8734,0,35936,36045,110,4.4,23:57,24:01,80.1138629737992,3.920789269934559,78.37866297510072,15.303130759294449,own_third,right,False,2,0.4636363636363636,3,0.22225329750442135,10.0,222,0.6363636363636364,1.1316351619280973,2.690211515757866,0.11818181818181817,0.3428362573099415,turnover,23.12,False,regain_unstable,False
153,8735,1,36055,36072,18,0.72,24:02,24:02,71.97601800736095,13.664718583672686,69.93227963538791,12.538492563108349,attacking_third,left,False,1,1.0,1,0.4718613197749829,10.0,116,1.0,-0.5349058469566869,2.1331714263708808,1.0,,turnover,0.36,True,regain,True
154,8736,0,36073,36187,115,4.6,24:02,24:07,69.9095354405955,14.241131010961997,61.67537146552811,24.644605936153702,middle_third,right,False,1,0.20869565217391303,1,0.8977336528506639,10.0,222,0.9217391304347826,0.45861852619252,3.5154944277781186,0.07826086956521738,0.3492063492063492,turnover,0.0,True,relieved,False
155,8736,0,36257,36449,193,7.72,24:10,24:17,69.76575630070583,50.37185278015281,101.39345812145044,38.30313873748724,middle_third,left,False,2,0.6321243523316062,2,0.5977342907852773,10.0,221,0.8082901554404145,1.4322279386795493,3.8595787211567067,0.2590673575129534,0.3984674329501916,turnover,7.36,False,relieved,False
156,9289,0,37223,37244,22,0.88,24:48,24:49,102.50674314004115,35.826043107777,109.94001356142469,36.75176887515823,own_third,centre,True,2,0.8181818181818182,3,2.1053914967787977,6.909090909090909,208,0.8636363636363636,2.692850182561829,3.2162560210477467,1.0,,restart,2.44,False,relieved,False
157,9447,1,37667,37744,78,3.12,25:06,25:09,93.84825045512926,49.45503266649318,94.68324196701742,58.078359571734936,attacking_third,right,False,1,0.8333333333333334,1,2.130115971828095,10.0,111,1.0,4.687656887843435,5.42912704842706,0.6794871794871795,0.16666666666666666,restart,1.56,False,relieved,False
158,9447,1,37780,37804,25,1.0,25:11,25:12,99.10632154668966,52.65194638533589,99.42770572136891,53.00794406496277,attacking_third,right,False,1,1.0,1,1.7179060030997102,10.0,111,1.0,4.817852871381341,3.370878914529244,0.0,0.2111111111111111,restart,6.08,False,relieved,False
159,9447,1,37902,38031,130,5.2,25:16,25:21,74.78342738473131,57.43792226722853,47.73721825409637,13.534962873820415,attacking_third,right,False,2,0.43846153846153846,2,1.330384253072371,10.0,108,0.4076923076923077,3.5488698004352464,6.404755231306881,0.49230769230769234,0.2329059829059829,restart,10.96,False,relieved,False
160,9447,1,38120,38187,68,2.72,25:24,25:27,25.19359318050393,15.364426723601984,16.700284829945968,20.83348845818555,own_third,left,False,2,1.2647058823529411,4,0.14772164279424543,10.0,103,0.6323529411764706,1.7562848338101984,4.446797228395862,0.3529411764705882,0.1728395061728395,restart,19.68,False,relieved,False
161,9447,1,38243,38430,188,7.52,25:29,25:37,21.062323671719227,15.498862961786724,33.5503244029609,3.079851724611723,own_third,left,False,2,0.7021276595744681,4,0.9842717553007351,10.0,116,0.5106382978723404,2.7676671699502675,3.8125082374792805,0.12765957446808507,0.19977678571428573,restart,24.6,False,relieved,True
162,9450,0,38533,38546,14,0.56,25:41,25:41,6.2482717785255595,11.586128895583869,3.3859145228651237,15.541514698112252,attacking_third,right,False,1,1.0,1,1.9821258953930632,10.0,207,1.0,5.247008263016508,7.260615378292628,1.0,,turnover,2.32,True,regain_unstable,False
163,9451,1,38547,38562,16,0.64,25:41,25:42,4.919148716339889,16.97459178877947,0.8947685101611037,17.829743243125606,own_third,left,True,1,1.0,1,0.09022557180838353,9.75,105,1.0,5.58013633166696,7.200342560768641,0.0,0.3009259259259259,turnover,0.0,True,regain,True
164,10375,0,39678,39772,95,3.8,26:27,26:30,21.08597923238162,48.62989226195854,44.714047361080155,56.518070371941164,attacking_third,left,False,2,0.8210526315789474,2,1.6574567245755514,8.873684210526315,208,0.5894736842105263,3.945796142533403,5.824959414116023,0.7894736842105263,0.16666666666666666,restart,0.28,False,regain,True
165,10392,1,39801,39843,43,1.72,26:32,26:33,50.1634607951463,59.77614440192755,40.106996897276865,52.43656158880742,middle_third,right,False,2,1.3255813953488371,4,1.4140180794030905,10.0,103,0.46511627906976744,2.823541740866909,3.6679570963211496,0.5348837209302326,0.3923611111111111,turnover,0.48,True,regain,True
166,10393,0,39844,39896,53,2.12,26:33,26:35,37.49444600549135,53.22211580160342,44.198916536624694,58.473070425292306,middle_third,left,False,3,2.0,3,0.2858862218036803,10.0,219,0.8490566037735849,4.603151176333868,4.9623909065295395,0.0,0.20418470418470414,turnover,0.0,True,regain,True
167,10394,1,39906,39927,22,0.88,26:36,26:37,48.38889192601143,58.91185781635002,55.30203033583418,58.5032016742456,middle_third,right,False,1,0.7727272727272727,3,0.694309722952651,10.0,106,1.0,-0.15432820121304602,3.1822601447288927,0.13636363636363635,0.38095238095238093,turnover,0.36,True,relieved,False
168,10500,0,40510,40590,81,3.24,27:00,27:03,70.67344455505172,8.995849873201909,60.997422611066725,28.551456841550976,own_third,right,False,1,0.4567901234567901,2,1.839384400123183,10.0,205,0.5925925925925926,3.7008802049062655,3.93433416254455,0.3580246913580247,0.4111111111111111,restart,12.4,False,relieved,False
169,10500,0,40785,40824,40,1.6,27:11,27:12,80.98490835695313,65.11773524970862,81.07712817859718,62.159156313293764,own_third,left,False,1,0.3,1,2.9743288370914938,10.0,221,1.0,-0.030238974372138162,3.2338034516238827,0.0,0.5694444444444444,restart,23.4,False,relieved,False
170,10500,0,40925,40939,15,0.6,27:17,27:17,65.57540294560347,19.345984529395896,64.93856307870544,18.903941718654792,middle_third,right,False,1,0.8666666666666667,1,4.755330798168348,10.0,205,1.0,2.342814472513555,4.526939980911356,0.0,0.3333333333333333,restart,29.0,False,relieved,False
171,10500,0,40973,40998,26,1.04,27:18,27:19,69.14892862224664,6.069814823726588,68.9668748439647,6.194536673053001,middle_third,right,False,1,1.0,1,3.156911526209327,10.0,222,1.0,2.6657055453982283,2.5658520663425795,0.0,0.42222222222222217,restart,30.92,False,relieved,False
172,10500,0,41173,41189,17,0.68,27:26,27:27,72.70189397291445,15.694538557141767,73.33122533822231,14.138727566186873,own_third,right,False,2,1.1764705882352942,2,2.2483814266552695,10.0,205,0.7058823529411765,2.9986475223712423,3.8283319307497536,0.0,0.3333333333333333,restart,38.92,False,regain_unstable,False
173,10502,0,41222,41263,42,1.68,27:28,27:30,76.33483772569242,7.098142854970048,68.38600361558275,16.315529219687214,own_third,right,False,1,0.7380952380952381,2,2.466493045095501,10.0,222,0.8809523809523809,2.093416318022878,2.9647969134313232,0.11904761904761907,0.3968253968253968,turnover,0.56,True,relieved,False
174,10502,0,41426,41592,167,6.68,27:37,27:43,82.11323413026629,62.143092127054516,101.54456819293038,54.75185887836782,own_third,left,False,2,1.029940119760479,3,0.16460448000146954,8.706586826347305,221,0.7125748502994012,3.475962945425179,4.109509712223753,0.27544910179640714,0.6180555555555555,turnover,8.72,False,regain,True
175,10503,1,41652,41731,80,3.2,27:46,27:49,92.62905394486663,63.94617411750579,99.82976085585216,60.49398488704618,attacking_third,right,False,1,0.6,1,0.6404702884403771,9.5625,123,0.675,2.065292829183746,3.5411303528028286,0.19999999999999996,0.3598901098901099,turnover,2.36,True,relieved,False
176,10778,0,42342,42387,46,1.84,28:13,28:15,91.20756929072498,5.784089978681292,89.7699937357342,23.489868789136803,own_third,right,False,2,0.717391304347826,3,0.6913395840321824,8.478260869565217,215,0.5869565217391305,0.7326037112559581,1.597079760951338,0.6521739130434783,0.14285714285714285,restart,0.84,False,regain,True
177,10780,0,42500,42511,12,0.48,28:20,28:20,87.92884078352691,23.40002773807749,88.13386402340696,25.273474601012786,own_third,centre,False,1,1.0,1,0.5557130299893212,10.0,215,1.0,0.012036625835941056,1.4914507440869273,1.0,,turnover,0.92,True,regain,True
178,10781,1,42595,42631,37,1.48,28:23,28:25,72.3157119726446,46.91412188912462,67.84575268030011,56.799848001580266,attacking_third,right,False,2,1.0810810810810811,2,1.0012728531669453,10.0,123,0.5675675675675675,4.336351469169401,5.748889763503139,1.0,,turnover,3.32,True,regain,True
179,10782,0,42663,42697,35,1.4,28:26,28:27,68.02505127165006,65.23244221766556,67.85425525297148,67.37418202170512,middle_third,left,False,1,1.0,1,0.9296705512430298,9.0,221,1.0,0.35153271902999794,1.8854749401010915,0.34285714285714286,0.15555555555555556,turnover,1.24,True,relieved,False
180,10978,1,43176,43239,64,2.56,28:47,28:49,58.561998832103065,61.74367721043811,67.52034608897593,38.20163398569711,middle_third,right,False,2,0.703125,4,0.6240363225570622,10.0,116,0.265625,1.5422817785850222,2.330987213755108,0.734375,0.25,restart,0.92,False,relieved,False
181,11085,0,43724,43784,61,2.44,29:08,29:11,76.74962231182766,11.289727758428532,72.94309667540799,11.905262188028,own_third,right,False,1,1.0,1,2.637492394600589,10.0,222,1.0,2.655950320957641,4.037860017542193,0.19672131147540983,0.39444444444444443,restart,14.0,False,relieved,False
182,11085,0,43861,43898,38,1.52,29:14,29:15,72.7744875345418,12.498963082067322,79.70290645581383,17.384207423595008,own_third,right,False,2,1.394736842105263,4,1.1729144415239723,10.0,222,0.8947368421052632,3.7636356907338704,4.919282598647793,0.26315789473684215,0.65,restart,19.48,False,regain,True
183,11086,1,43908,43999,92,3.68,29:16,29:19,81.56882392636106,19.198567484106967,97.38907401030873,23.900317767122505,attacking_third,left,False,1,0.17391304347826086,3,0.4590195593629781,9.076086956521738,108,0.6956521739130435,-1.8105008394560986,5.3790365176074815,0.25,0.20306122448979588,turnover,0.36,True,relieved,True
184,11087,0,44282,44316,35,1.4,29:31,29:32,102.26240591987008,33.670098677153725,100.90987173105843,33.78006288294499,own_third,centre,True,1,1.0,3,1.1326999483384068,10.0,208,0.45714285714285713,0.5230721039087051,1.7654783729585628,1.0,,turnover,9.56,False,regain,True
185,11460,0,45463,45511,49,1.96,30:18,30:20,52.473368372743664,33.92957415179596,52.42436295488598,33.877518193756444,middle_third,centre,False,1,0.6122448979591837,1,2.0506581244779962,9.0,207,1.0,1.7136052793319787,1.630017778420539,1.0,,restart,1.88,False,regain,True
186,11467,1,45542,45556,15,0.6,30:21,30:22,53.0577369282062,33.67167612065668,52.78370304537503,33.84017189093397,middle_third,centre,False,1,0.8,2,3.211342219185328,10.0,108,1.0,1.614310335196888,1.5984405420280225,0.8,,turnover,0.96,True,relieved,False
187,11467,1,45586,45603,18,0.72,30:23,30:24,52.407334448905246,33.950665825473365,52.43557536960302,33.87545295073261,middle_third,centre,False,1,1.0,2,1.4069085292811783,10.0,108,1.0,0.8933455562664991,2.038206194207711,1.0,,turnover,2.72,True,relieved,False
188,11492,1,45876,45977,102,4.08,30:35,30:39,63.032181163372165,37.81018415529641,75.03593862568684,55.29982493122855,middle_third,centre,False,1,0.4803921568627451,2,0.7441449004182744,10.0,106,0.7450980392156863,5.3835100121476325,6.335049868273761,0.5784313725490196,0.20833333333333331,restart,9.28,False,relieved,False
189,11492,1,46005,46070,66,2.64,30:40,30:42,69.03894707221171,61.86451652998712,72.67665983838369,48.58978819347417,middle_third,right,False,2,1.5151515151515151,3,0.9963895858970886,10.0,106,0.7727272727272727,3.678827238023674,4.4616041622802545,0.12121212121212122,0.2673611111111111,restart,14.44,False,regain,True
190,11493,0,46083,46111,29,1.16,30:43,30:44,69.6987255587887,46.34557045003011,67.03590498978264,41.80874700086943,middle_third,left,False,2,1.3448275862068966,2,2.033688798726056,10.0,221,0.9655172413793104,2.4174234822445384,4.527185987781688,0.0,0.30291005291005285,turnover,0.48,True,regain,True
191,12060,1,47699,47742,44,1.76,31:47,31:49,28.00051243081778,23.33906515773529,28.76122264224233,24.015407780383818,own_third,centre,False,1,0.22727272727272727,3,2.306017698791983,8.136363636363637,111,1.0,0.35446379492659064,3.163555311099094,0.2727272727272727,0.14285714285714285,restart,0.6,False,relieved,False
192,12114,0,48347,48362,16,0.64,32:13,32:14,24.928128675846313,40.77253764814078,24.159897477342057,41.85629680383611,attacking_third,centre,False,1,0.8125,1,4.411567265124386,10.0,219,1.0,2.9449193281669444,5.0450514590478885,0.0,0.07407407407407407,turnover,14.2,False,relieved,False
193,12114,0,48393,48482,90,3.6,32:15,32:19,24.348926187967848,53.629143236936955,18.633178531254607,21.59565598443909,attacking_third,left,False,1,0.43333333333333335,1,3.5458147973306664,10.0,219,0.5888888888888889,3.255298043812937,4.741844746163496,0.011111111111111072,0.3209876543209876,turnover,16.04,False,relieved,False
194,12214,0,48668,48741,74,2.96,32:26,32:29,56.84259284710087,22.40339700339343,56.8417192742672,18.554226640406398,middle_third,right,False,3,1.337837837837838,5,0.5104456508524209,10.0,205,0.5945945945945946,1.4422811255625196,3.8888687673700386,0.0,0.29894179894179895,restart,0.48,False,relieved,False
195,12214,0,48763,48781,19,0.76,32:30,32:31,63.74900389355177,4.793953689594682,59.999411801790856,6.613479400761344,middle_third,right,False,1,0.6842105263157895,1,4.407556730652979,10.0,214,1.0,3.0763214007357633,4.3262927156137545,1.0,,restart,4.28,False,relieved,False
196,12214,0,48906,48938,33,1.32,32:36,32:37,42.97087588629891,39.13714713986015,43.04350996214869,52.19646602949032,middle_third,centre,False,1,0.9393939393939394,1,3.064801564449535,10.0,219,1.0,4.502823246397888,5.653391106204793,0.06060606060606055,0.4814814814814814,restart,10.0,False,relieved,False
197,12214,0,48967,49005,39,1.56,32:38,32:40,43.439978841164375,61.99998101216248,43.83687470682203,63.983727445640916,middle_third,left,False,1,0.9487179487179487,1,1.3646066972103532,10.0,204,1.0,4.430855195534892,3.896392801531848,0.0,0.37499999999999994,restart,12.44,False,relieved,False
198,12214,0,49065,49078,14,0.56,32:42,32:43,49.53832846808332,49.85403463881608,50.06538650506442,40.381516797113306,middle_third,left,False,1,0.7857142857142857,1,3.929043623084436,10.0,219,0.7857142857142857,2.5132747174849315,3.5180353545606313,0.2142857142857143,0.3703703703703703,restart,16.36,False,relieved,False
199,12214,0,49289,49324,36,1.44,32:51,32:52,75.9203907285823,8.495606530842121,71.30527053851651,8.276097113085878,own_third,right,False,1,1.0,1,0.7959604569458433,10.0,222,1.0,4.374645483175736,5.450718948600451,0.0,0.2757936507936508,restart,25.32,False,relieved,False
200,12214,0,49358,49379,22,0.88,32:54,32:55,57.59686302008227,16.898531418688563,54.27914369424367,26.74400477979923,middle_third,right,False,1,0.9090909090909091,1,1.033992746592135,10.0,207,1.0,6.250885770125384,6.403085557976039,0.09090909090909094,0.1111111111111111,restart,28.08,False,relieved,False
201,12214,0,49420,49489,70,2.8,32:56,32:59,62.91539139232201,29.997395316336025,66.53115669163486,48.84633408997506,middle_third,centre,False,2,0.7285714285714285,2,0.40438658318967974,10.0,208,0.44285714285714284,1.484461467197846,3.5156440346722513,1.0,,restart,30.56,False,tracking_break,False
202,12251,0,49872,49908,37,1.48,33:14,33:16,40.63773854173238,46.71351214088142,37.78986059539415,27.89323899376716,middle_third,left,False,1,0.4594594594594595,1,3.690252150833202,10.0,207,0.5135135135135135,2.8344766257140166,5.088035564697428,0.5135135135135135,0.42857142857142855,restart,13.84,False,relieved,False
203,12251,0,49941,50177,237,9.48,33:17,33:27,35.983793300952485,21.95139073645668,28.210851626107775,33.01676911620623,middle_third,right,False,2,0.8059071729957806,3,0.7157603691676976,9.818565400843882,222,0.3670886075949367,3.631780086733427,3.9886403179394985,0.189873417721519,0.3726503759398496,restart,16.6,False,relieved,False
204,12251,0,50289,50343,55,2.2,33:31,33:33,39.87270140891127,63.73507627888818,52.41033354785813,67.09129803434986,middle_third,left,False,1,0.7636363636363637,2,0.6404062170655649,10.0,204,0.6363636363636364,3.640677686928392,5.1201421669663025,0.8181818181818181,0.5,restart,30.52,False,relieved,False
205,12392,0,50643,50717,75,3.0,33:45,33:48,39.778867569832855,45.98480471062091,35.86331815893506,53.383393073912316,middle_third,left,False,1,0.38666666666666666,2,2.1272782932899292,9.973333333333333,219,0.64,3.5785205634864035,5.357060686595489,0.29333333333333333,0.40694444444444444,restart,5.16,False,relieved,False
206,12392,0,50854,50898,45,1.8,33:54,33:55,38.53921721564306,12.809010843874882,43.54901518145212,22.142274711807556,middle_third,right,False,1,0.6666666666666666,2,2.1138313454174815,10.0,207,0.5555555555555556,4.1500357481705485,5.332125221405042,0.6888888888888889,0.1111111111111111,restart,13.6,False,relieved,False
207,12392,0,50998,51024,27,1.08,33:59,34:00,44.17503538643592,40.96339009470452,45.34695237509,43.08035195062075,middle_third,centre,False,1,1.0,1,2.6363220221465915,10.0,219,1.0,3.2593210456579644,4.1134913289042165,0.0,0.2666666666666667,restart,19.36,False,relieved,False
208,12433,0,51220,51347,128,5.12,34:08,34:13,91.76716425173012,62.66291076629679,101.42230616907423,67.4526316118544,own_third,left,False,2,1.1015625,2,0.38058309710719,10.0,208,1.0,1.8977934743937075,2.4597333816545865,0.1171875,0.33333333333333337,restart,0.0,False,regain_unstable,True
209,12434,1,51348,51362,15,0.6,34:13,34:14,100.90619870647033,66.20828675829685,100.91143370569199,66.67329122646336,attacking_third,right,False,1,1.0,2,0.723926810255005,10.0,106,1.0,0.2706363164036791,0.8538564373803995,0.0,0.2222222222222222,turnover,0.0,True,regain_unstable,False
210,12435,0,51363,51385,23,0.92,34:14,34:15,101.35370576921454,67.2792214752658,101.25464726669423,65.96131320335515,own_third,left,False,1,1.0,2,0.09412581422016315,10.0,208,1.0,0.0472217416597327,1.852994507454214,0.0,0.125,turnover,0.0,True,regain,True
211,12438,1,51497,51531,35,1.4,34:19,34:21,100.20132582395462,63.823245973250025,97.4583471701615,62.4556756425366,attacking_third,right,False,1,1.0,1,0.11157677589686929,10.0,111,1.0,0.005397374137708631,2.146329977603364,0.0,0.2193877551020408,turnover,1.6,True,regain_unstable,True
212,12477,1,51956,51988,33,1.32,34:38,34:39,71.11702848133496,11.972885415285067,65.3176841173234,16.28647358135867,attacking_third,left,False,1,0.7575757575757576,3,1.2405690545984804,10.0,108,0.6363636363636364,3.5979307847045425,5.041193078630035,0.36363636363636365,0.2222222222222222,restart,2.56,False,relieved,True
213,12478,0,52035,52173,139,5.56,34:41,34:46,66.44226749857987,5.087175085098718,77.90001112280241,33.967913810812924,middle_third,right,False,1,0.7194244604316546,2,0.6232116351747459,9.985611510791367,207,0.381294964028777,2.9156290660699815,4.153936595957419,0.4460431654676259,0.28134920634920635,turnover,0.48,True,regain,True
214,12479,1,52186,52251,66,2.64,34:47,34:50,78.41354183314479,34.33412448581771,85.08728266628934,24.65012109992614,attacking_third,centre,False,1,0.6666666666666666,1,1.1432656285260447,9.0,106,1.0,3.0410316803099056,5.918178573137194,0.0,0.36645299145299143,turnover,0.48,True,regain,True
215,12480,0,52278,52298,21,0.84,34:51,34:51,85.0138373332164,13.66035508571067,76.74587723458055,9.938991442206902,own_third,right,False,1,0.47619047619047616,1,0.9628143172712943,10.0,214,1.0,-0.1538686945910377,1.2734910699555024,0.5714285714285714,0.25,turnover,1.04,True,relieved,False
216,12564,0,52468,52493,26,1.04,34:58,34:59,53.114833417593886,8.644564432321193,53.083962533770915,10.791574841886987,middle_third,right,False,1,0.8076923076923077,3,0.9154133742431366,10.0,222,1.0,-0.4665662888381114,3.985658954485882,0.0,0.22499999999999995,turnover,0.2,True,relieved,False
217,12564,0,52655,52695,41,1.64,35:06,35:07,70.3600643440545,3.5642692002029555,73.96716569982073,3.8337817751536987,own_third,right,False,1,0.3170731707317073,2,3.7320718424078456,10.0,214,0.9512195121951219,-0.3505158785093188,3.8963523381982936,0.19512195121951215,0.3392857142857143,turnover,7.68,False,regain_unstable,False
218,12565,1,52708,52722,15,0.6,35:08,35:08,76.39656941057987,8.424929342594316,79.20345817132258,7.973041905032541,attacking_third,left,False,1,1.0,1,3.254019499081283,10.0,116,1.0,2.553442398238477,3.220866057966109,0.0,0.1369047619047619,turnover,0.48,True,regain,True
219,12566,0,52789,52808,20,0.8,35:11,35:12,71.86296110408252,23.11524277060186,62.46312076679735,19.874117813851242,own_third,centre,False,2,0.55,2,0.6296463990438712,10.0,207,0.9,0.5549251920997567,3.434532245452278,1.0,,turnover,2.64,True,relieved,False
220,12574,0,52897,53134,238,9.52,35:15,35:25,64.97052520252929,42.752804321155786,90.65290283990568,35.80644327686312,middle_third,centre,False,3,0.5462184873949579,4,0.3845772773734179,10.0,204,0.5588235294117647,2.4401654665831445,4.525817930322233,0.38235294117647056,0.3879310344827587,restart,1.6,False,regain,True
221,12575,1,53152,53181,30,1.2,35:26,35:27,87.8394508944229,35.148749019829296,77.32030422664893,29.618215691540183,attacking_third,centre,False,2,1.0333333333333334,3,0.966044681672785,10.0,116,0.9666666666666667,3.6023562134595113,4.471309656255719,0.033333333333333326,0.5327380952380952,turnover,0.68,True,relieved,True
222,12575,1,53196,53213,18,0.72,35:27,35:28,67.92714062231794,35.0857563373415,62.97864211596139,36.407372247502174,middle_third,centre,False,1,0.7222222222222222,2,0.890889295143371,10.0,102,1.0,3.086762296686485,5.744526701367622,1.0,,turnover,2.44,True,regain,True
223,12576,0,53230,53257,28,1.12,35:29,35:30,63.416872505728,31.805323620660765,62.85669969370819,24.247399502870508,middle_third,centre,False,2,1.75,2,0.49934557351997405,10.0,222,0.6785714285714286,5.65646111564338,7.5060424982045255,0.0,0.3587962962962963,turnover,0.64,True,relieved,False
224,12576,0,53423,53526,104,4.16,35:36,35:41,64.90429598017319,20.248241742673354,84.89591417823668,59.95505038751986,middle_third,right,False,1,0.5,2,0.44721813801385685,10.0,219,0.27884615384615385,2.7746637430115397,4.830460824909686,0.7211538461538461,0.17824074074074078,turnover,8.36,False,tracking_break,False
225,12590,0,53552,53637,86,3.44,35:42,35:45,89.0279455337662,60.0974216753158,88.47369398800389,64.60990340000752,own_third,left,False,2,1.302325581395349,2,0.09061350614888805,10.0,204,1.0,1.5185789754811874,3.387307272986732,0.13953488372093026,0.3194444444444445,restart,0.48,False,relieved,False
226,12590,0,53681,53700,20,0.8,35:47,35:48,89.65811742809274,65.47159140245442,89.00760828926046,63.67104705774551,own_third,left,False,2,1.35,2,0.08438288169561073,10.0,221,1.0,1.5249444916676778,2.5699199234582033,1.0,,restart,5.64,False,regain,True
227,12606,1,53728,53777,50,2.0,35:49,35:51,86.36871491196052,63.18572817337733,79.30431393620756,62.766761809925896,attacking_third,right,False,1,0.76,3,0.44700036904301754,10.0,123,1.0,3.407618557650636,4.522626120782002,0.0,0.14444444444444443,turnover,0.48,True,regain,True
228,12607,0,53808,53967,160,6.4,35:52,35:58,82.27017724882478,59.84515154800684,78.8144697343827,25.724533956480766,own_third,left,False,2,0.9375,4,0.5320036092224875,10.0,221,0.29375,1.9723726351161937,4.421475187158597,0.0,0.2734375,turnover,1.2,True,relieved,False
229,12607,0,54025,54038,14,0.56,36:01,36:01,75.1232809063059,13.392250763508565,79.90524755508756,5.514480701926695,own_third,right,False,1,0.7857142857142857,1,4.201029596661139,10.0,222,1.0,3.0713187164429114,4.058399973327898,0.2142857142857143,0.3703703703703703,turnover,9.88,False,relieved,False
230,12607,0,54077,54231,155,6.2,36:03,36:09,84.23194679827895,0.7646416686638813,79.38055914613433,20.44353911333895,own_third,right,False,1,0.4838709677419355,3,1.355869023310272,10.0,208,0.49032258064516127,1.2387298294140936,2.7417654500290136,0.10967741935483866,0.3373015873015874,turnover,11.96,False,regain_unstable,False
231,12608,1,54244,54257,14,0.56,36:09,36:10,101.50108657624597,12.62655896740843,101.60486890601375,10.553821189772684,attacking_third,left,False,1,0.7142857142857143,1,4.507149208342639,10.0,116,1.0,2.462882169875431,2.832445293007902,0.0,0.4444444444444444,turnover,0.48,True,dead_or_untracked,False
232,12976,1,54710,54741,32,1.28,36:28,36:29,87.52051608158465,65.26371290816103,84.7624047143986,64.56396224842099,attacking_third,right,False,1,1.0,1,1.0307924368514267,10.0,111,1.0,4.238731808842559,5.308247296748696,0.0,0.34920634920634924,turnover,1.12,True,regain_unstable,False
233,12982,1,54909,54930,22,0.88,36:36,36:37,101.92648402364105,23.88580137799481,102.84866439042855,21.676896081447012,attacking_third,centre,False,1,0.9545454545454546,1,3.2529326578338242,10.0,116,1.0,3.7261638704617157,4.155382182031918,0.0,0.3777777777777777,restart,2.04,False,relieved,False
234,12982,1,54973,55080,108,4.32,36:38,36:43,93.20125000063452,4.744057771311493,68.11164532024,9.282089989508142,attacking_third,left,False,4,1.4351851851851851,5,0.5502648444414288,9.25,116,0.5092592592592593,4.153290693566907,5.590569035573369,0.0,0.2544191919191919,restart,4.6,False,regain,True
235,12983,0,55114,55227,114,4.56,36:44,36:49,63.18783765458018,7.748613737930084,71.9711368983022,24.467425016115204,middle_third,right,False,2,0.7192982456140351,3,0.5760334495711174,9.114035087719298,205,0.5614035087719298,3.7299953807372623,5.206162596462634,0.14912280701754388,0.23299319727891157,turnover,1.32,True,relieved,False
236,12983,0,55314,55366,53,2.12,36:52,36:54,79.00987869247308,25.547633915311373,86.81074452186633,36.400729008176356,own_third,centre,False,1,0.8867924528301887,2,0.30274751818062073,10.0,202,0.660377358490566,2.5921330632810946,4.278272324439824,1.0,,turnover,9.32,False,regain,True
237,12984,1,55379,55549,171,6.84,36:55,37:01,87.8640924719979,38.39292856017673,68.59737536349984,47.79787646148439,attacking_third,centre,False,2,0.8947368421052632,3,0.5066742588606082,10.0,111,0.672514619883041,4.0633538705646615,5.274212246130698,0.45029239766081874,0.2989766081871345,turnover,0.48,True,regain,True
238,12985,0,55594,55609,16,0.64,37:03,37:04,76.35049118705629,50.590702117638685,78.56181880358861,51.40133501977218,own_third,left,False,1,1.0,1,0.46270587602249796,10.0,215,1.0,1.9374387539955191,2.4049740121481378,1.0,,turnover,1.76,True,regain,True
239,12986,1,55706,55758,53,2.12,37:08,37:10,58.84751819929372,54.27929746980631,53.6595754130517,46.23450185267147,middle_third,right,False,2,0.8867924528301887,3,0.24659191308584713,10.0,106,0.41509433962264153,2.1458907713795567,3.066774565666934,0.5849056603773585,0.2222222222222222,turnover,3.84,True,regain,True
240,12987,0,55771,55951,181,7.24,37:10,37:18,53.549967239742266,46.275167012696144,73.3493861047906,54.100647709196735,middle_third,left,False,2,1.0552486187845305,3,0.504964027140725,9.994475138121548,219,0.34806629834254144,3.821782340784676,5.236647595930651,0.0,0.3645833333333333,turnover,0.48,True,relieved,False
241,12987,0,56026,56152,127,5.08,37:21,37:26,80.64665576118489,58.84340604671771,83.59134660463741,66.81934528429909,own_third,left,False,2,1.062992125984252,2,0.04474137874631097,10.0,204,0.8503937007874016,3.568047947372706,3.820337036939852,0.5354330708661417,0.5151515151515151,turnover,10.68,False,regain,True
242,12988,1,56222,56309,88,3.52,37:28,37:32,85.77516721567403,67.06500687304379,94.97706293088065,26.86196323102189,attacking_third,right,False,1,0.5795454545454546,1,3.610754708335389,10.0,111,0.6590909090909091,4.932116306737111,5.189583531091699,0.7613636363636364,0.6145833333333333,turnover,2.76,True,dead_or_untracked,False
243,13070,1,56399,56452,54,2.16,37:35,37:38,50.63746851029178,35.4424625940993,34.52780381634786,48.33547866564999,middle_third,centre,False,2,1.537037037037037,4,0.14193696324984822,10.0,117,0.9444444444444444,3.175190241191391,5.968471513452198,0.05555555555555558,0.12222222222222223,restart,0.0,False,relieved,False
244,13070,1,56604,56658,55,2.2,37:44,37:46,8.019773752939896,65.12161022711307,15.104390647017553,63.784553527858954,own_third,right,False,1,0.7454545454545455,1,1.8786079414363455,8.963636363636363,123,1.0,1.6854709101483716,2.0084157239971328,0.10909090909090913,0.31666666666666665,restart,8.2,False,relieved,False
245,13070,1,56773,56843,71,2.84,37:50,37:53,35.6636158101481,50.87204215028069,32.94473180690378,18.895263760618043,middle_third,right,False,1,0.5915492957746479,1,2.362101583053438,10.0,108,0.7464788732394366,3.278568973238069,4.305120341185179,0.4084507042253521,0.20833333333333331,restart,14.96,False,relieved,False
246,13070,1,56923,57011,89,3.56,37:56,38:00,28.583757849004023,9.05131621739896,15.842271487726482,14.963605534663056,own_third,left,False,1,0.7752808988764045,2,2.1544225281593348,10.0,108,0.5056179775280899,2.3930583327154005,3.2601925178218454,0.2359550561797753,0.44444444444444453,restart,20.96,False,regain,True
247,13071,0,57012,57069,58,2.32,38:00,38:02,15.907206444109068,17.13340945608519,7.675181039696963,18.235551892347594,attacking_third,right,False,1,0.4482758620689655,1,0.45874348407192855,9.948275862068966,219,0.9482758620689655,0.5458973088140754,3.997333368006303,0.0,0.09090909090909091,turnover,0.0,True,regain,True
248,13072,1,57079,57122,44,1.76,38:03,38:04,10.844654779094801,17.167932858975874,11.391375778366172,18.206728762144724,own_third,left,True,1,0.3409090909090909,2,1.4436416233089893,9.5,103,1.0,-0.9368099622778281,2.9719351101435634,0.0,0.5308641975308641,turnover,0.36,True,dead_or_untracked,False
249,13404,0,57907,57928,22,0.88,38:36,38:37,13.818231015406582,50.485972592666634,15.602280225615132,50.02040841272722,attacking_third,left,False,1,0.9545454545454546,1,2.5304000808494096,10.0,219,1.0,3.159621000233722,4.293704872404578,0.0,0.2013888888888889,turnover,12.16,False,relieved,False
250,13404,0,58025,58122,98,3.92,38:41,38:44,31.924262356506276,7.835825330341455,41.90066692577221,7.585119342631707,attacking_third,right,False,1,0.6632653061224489,2,0.12261650905699524,10.0,207,1.0,2.378681506782773,5.029780714203319,0.0,0.32222222222222224,turnover,16.88,False,relieved,False
251,13503,1,58552,58623,72,2.88,39:02,39:04,60.015008826159416,56.82697771218195,29.498296091398505,53.95834443983457,middle_third,right,False,1,0.6666666666666666,3,2.5565504810773194,10.0,111,0.5138888888888888,4.0783566769714765,5.718220438484808,0.5972222222222222,0.48888888888888893,turnover,7.92,False,relieved,False
252,13788,0,59658,59777,120,4.8,39:46,39:51,63.31365723662334,11.515190657496916,91.1794537988172,43.08577813508316,middle_third,right,False,2,1.0333333333333334,4,0.5455942381200627,9.933333333333334,202,0.45,2.758287283517603,5.709016894356647,0.01666666666666672,0.30641821946169767,restart,0.0,False,relieved,False
253,13788,0,59848,59903,56,2.24,39:53,39:56,103.66139434008255,60.329418723749974,103.55249791419656,67.986067620352,own_third,left,False,1,1.0,1,1.0648723726774711,10.0,221,1.0,5.551510497171241,5.467534237118459,0.0,0.40404040404040403,restart,7.6,False,regain,True
254,13789,1,59937,60020,84,3.36,39:57,40:00,94.60488651007464,60.12019156499754,103.55698664724738,58.618600739151844,attacking_third,right,False,2,1.1904761904761905,2,0.07929118182338105,10.0,111,0.6785714285714286,3.235756804078198,4.138065415624891,0.09523809523809523,0.3463541666666667,turnover,1.32,True,regain,True
255,13790,0,60069,60095,27,1.08,40:02,40:03,82.7751330314073,40.20081312069691,84.03574674107051,41.60498883125905,own_third,centre,False,1,0.7407407407407407,3,0.9949184439841692,10.0,205,1.0,-0.5763411986861455,1.147791425069031,0.0,0.36904761904761907,turnover,1.92,True,relieved,False
256,14298,1,60868,60881,14,0.56,40:34,40:35,80.80643147608782,40.531019581453066,81.94465238517924,27.762530436487737,attacking_third,centre,False,1,0.7857142857142857,2,1.2236752963235509,10.0,109,0.7857142857142857,2.5348836998669535,5.926890149575991,0.2142857142857143,0.35416666666666663,turnover,0.0,True,relieved,True
257,14299,0,60982,61008,27,1.08,40:39,40:40,58.60911822567084,12.653534592790066,50.781483729552946,9.482181088109003,middle_third,right,False,1,1.0,1,2.444804363445912,10.0,214,1.0,3.1897459061466464,8.134945373136972,0.0,0.25,turnover,1.6,True,regain_unstable,True
258,14301,0,61021,61040,20,0.8,40:40,40:41,46.610074732284176,8.476608401606786,41.81808593982201,6.512158193461142,middle_third,right,False,1,1.0,1,1.1681865375947915,9.6,214,1.0,3.9481721347747056,5.587348154473989,0.0,0.25,turnover,0.0,True,regain,True
259,14302,1,61093,61138,46,1.84,40:43,40:45,46.72083912240247,15.362907845920194,48.95196233602024,20.53726613507986,middle_third,left,False,1,0.8913043478260869,1,3.2511671973499774,10.0,108,1.0,2.5998646226203364,4.05599540189765,0.4565217391304348,0.25,turnover,2.08,True,relieved,False
260,14302,1,61164,61197,34,1.36,40:46,40:47,49.52227769287623,32.67941288348571,43.24926783907398,53.04971503984427,middle_third,centre,False,1,0.6176470588235294,1,3.5781498893792474,10.0,106,0.6176470588235294,2.763334844478397,3.084863775887143,0.38235294117647056,0.40625,turnover,4.92,True,relieved,False
261,14302,1,61303,61404,102,4.08,40:52,40:56,32.97531404919542,68.35588791524401,45.2741932332808,50.595270525440185,own_third,right,False,1,0.39215686274509803,1,2.672283662744876,10.0,106,0.5490196078431373,2.3136366438443328,3.166731548289951,0.303921568627451,0.4067460317460317,turnover,10.48,False,relieved,False
262,14302,1,61454,61467,14,0.56,40:58,40:58,51.687873219056904,51.809565644187686,48.34838882963918,56.66935132357806,middle_third,right,False,1,1.0,1,3.5272465068215175,10.0,106,1.0,3.799349838403011,4.318601284906509,1.0,,turnover,16.52,False,tracking_break,False
263,14325,1,61509,61543,35,1.4,41:00,41:01,46.47646897853869,63.39298711802591,51.25591392958256,61.97025391380214,middle_third,right,False,1,0.9428571428571428,1,3.678385859242264,10.0,106,1.0,2.301882011105008,2.6440151764199755,0.34285714285714286,0.2444444444444444,restart,0.76,False,relieved,False
264,14325,1,61575,61624,50,2.0,41:03,41:04,62.18434374233556,55.616590051951746,69.41161732349238,43.3685143514012,middle_third,right,False,1,0.76,1,3.75212575667232,10.0,109,1.0,4.963189263019837,5.314032533951989,0.18000000000000005,0.2962962962962963,restart,3.4,False,relieved,False
265,14325,1,61935,62057,123,4.92,41:17,41:22,49.877349884156764,5.131943273140616,70.9612965815638,25.197125528182884,middle_third,left,False,1,0.7642276422764228,2,0.1639643366402956,10.0,108,0.5284552845528455,3.0339965234367385,3.4767866677704093,0.04878048780487809,0.46296296296296297,restart,17.8,False,relieved,False
266,14325,1,62160,62180,21,0.84,41:26,41:27,69.2897310377156,46.9735004779308,70.79042110516842,44.98790463499631,middle_third,right,False,1,1.0,1,3.5055711219126966,10.0,106,1.0,3.1023443078369697,4.318462321986097,0.0,0.4666666666666666,restart,26.8,False,relieved,False
267,14325,1,62431,62452,22,0.88,41:37,41:38,67.39247381988508,43.68282574272245,56.4631659266433,14.64323695652017,middle_third,centre,False,1,0.6818181818181818,1,2.27148542769388,10.0,106,0.7727272727272727,2.3845644541194506,3.025266772287907,0.2727272727272727,0.3333333333333333,restart,37.64,False,relieved,False
268,14338,1,62534,62633,100,4.0,41:41,41:45,31.36836719621689,9.874200423666831,42.829759155306924,25.842110876402447,own_third,left,False,2,1.4,4,0.4107803323021906,10.0,103,0.76,3.2821476116463604,4.202151724461654,0.12,0.30864197530864196,restart,0.0,False,relieved,True
269,14338,1,62660,62671,12,0.48,41:46,41:46,53.5551945232903,49.3152681819666,54.92593914818051,49.617610294491286,middle_third,right,False,1,1.0,1,0.14349553344957416,10.0,111,1.0,,1.9762654757026603,1.0,,restart,5.04,False,regain,True
270,14339,0,62769,62825,57,2.28,41:50,41:53,57.5256152168173,3.110940516623562,70.38482708982417,3.520550810211356,middle_third,right,False,2,1.6140350877192982,3,0.6453088521154432,10.0,222,0.9122807017543859,5.317490602907974,5.920156677922049,0.0,0.32407407407407407,turnover,3.88,True,regain,True
271,14340,1,62826,62868,43,1.72,41:53,41:54,71.59808624254964,4.685321329537354,80.68075571855186,7.365741079017868,attacking_third,left,False,1,0.9767441860465116,1,0.338017394299602,9.883720930232558,116,0.9767441860465116,6.3043475234810105,6.4383305510400834,0.0,0.11433531746031744,turnover,0.0,True,relieved,False
272,14340,1,63064,63142,79,3.16,42:02,42:05,82.14563254773853,1.3592020718810485,81.8614231258085,20.62389196127074,attacking_third,left,False,1,0.7848101265822784,2,1.2877118325820247,10.0,106,0.5822784810126582,3.447182751863186,3.8428555762498533,0.26582278481012656,0.3796296296296296,turnover,9.52,False,relieved,False
273,14340,1,63178,63197,20,0.8,42:07,42:07,75.47463698393342,33.441831289927364,71.05175215524861,46.86296436976396,attacking_third,centre,False,1,0.7,1,2.4632813120556896,10.0,111,1.0,5.6090665364313885,6.675087890475881,1.0,,turnover,14.08,False,relieved,False
274,14347,1,63254,63293,40,1.6,42:10,42:11,59.74442959562216,56.91707304627138,55.27647434291324,50.311573840387844,middle_third,right,False,1,0.4,1,3.652841728521468,10.0,111,1.0,0.14182077792346542,5.012261764418716,0.30000000000000004,0.3333333333333333,restart,1.32,False,relieved,False
275,14347,1,63348,63433,86,3.44,42:13,42:17,47.24506161469128,37.69162993374848,32.386472733572084,33.39798895478534,middle_third,centre,False,3,1.7325581395348837,6,0.8899057366593216,10.0,106,0.7093023255813954,5.724889500944484,6.117496887229462,0.0,0.4165499533146592,restart,5.08,False,dead_or_untracked,False
276,14645,0,63930,64143,214,8.56,42:37,42:45,34.68452427318171,4.547073572307195,53.30475989109732,26.803976778736356,attacking_third,right,False,2,1.0093457943925233,4,0.049826433453165835,9.939252336448599,219,0.2570093457943925,3.733406096900249,4.7440143000569055,0.2149532710280374,0.30427170868347336,turnover,0.84,True,relieved,False
277,14647,0,64460,64536,77,3.08,42:58,43:01,91.0844234945107,53.75155766833922,85.28126593674202,41.73464558294138,own_third,left,True,2,0.7272727272727273,5,1.0442382867478104,9.35064935064935,221,0.5974025974025974,1.6986562332819908,4.750363780224972,0.1298701298701299,0.3581349206349206,turnover,10.36,False,relieved,False
278,14662,1,64627,64675,49,1.96,43:05,43:07,75.60361278227805,43.649193315828725,78.24254790314677,36.66586706656362,attacking_third,centre,False,1,0.8163265306122449,2,0.46980160675966964,10.0,111,0.5714285714285714,0.22996183001882103,3.734415286122916,0.0,0.2930555555555555,turnover,0.04,True,regain_unstable,False
279,15030,1,65091,65172,82,3.28,43:23,43:26,72.59261575857325,61.221540371540954,62.919027824657164,65.20447617956006,attacking_third,right,False,1,0.9146341463414634,1,0.12073593330190771,10.0,106,1.0,3.293102000511883,5.05922717311914,0.0,0.25,restart,1.6,False,regain,True
280,15034,0,65295,65399,105,4.2,43:31,43:35,55.966276483837355,60.69250131959533,67.44094261600456,66.04671433728598,middle_third,left,False,1,0.2857142857142857,2,1.2146813876495839,10.0,221,0.5142857142857142,0.4620177452864475,1.6072408801648266,0.5523809523809524,0.24722222222222223,restart,0.48,False,regain,True
281,15035,1,65698,65797,100,4.0,43:47,43:51,57.99503806988044,4.147169634119865,66.47190830677965,13.260875094440781,middle_third,left,False,1,0.68,2,2.272201535586181,9.97,116,0.76,2.602849280853491,3.2121606025215375,0.33999999999999997,0.4102564102564103,turnover,11.92,False,relieved,True
282,15036,0,65861,65892,32,1.28,43:54,43:55,70.28648357579794,19.64400375255429,52.61036190976233,-0.11465613848684582,own_third,right,False,1,0.59375,2,2.2223166658361015,10.0,202,0.625,0.9489777186319451,3.216455875751679,0.375,0.2222222222222222,turnover,0.64,True,relieved,False
283,15096,0,66175,66211,37,1.48,44:07,44:08,32.99662266885829,22.882656968344037,27.380800084608403,28.43363592685666,attacking_third,centre,False,1,0.9459459459459459,1,0.1415714161917773,10.0,207,1.0,3.9690190812415658,5.744887704281345,0.05405405405405406,0.22619047619047622,restart,6.4,False,relieved,False
284,15096,0,66312,66328,17,0.68,44:12,44:13,20.666251533263587,19.694400111806573,32.201036767930326,17.773398671305394,attacking_third,right,False,1,0.6470588235294118,1,4.073547849639209,10.0,222,1.0,2.0675578665282113,4.5090916820917615,0.05882352941176472,0.1851851851851852,restart,11.88,False,relieved,False
285,15096,0,66359,66435,77,3.08,44:14,44:17,42.03928652792157,16.57337308341157,54.30989082273393,3.6818659758806307,middle_third,right,False,1,0.5584415584415584,2,0.2605383924214845,10.0,202,0.6363636363636364,3.071864173744178,4.049060902114393,0.4545454545454546,0.2469135802469136,restart,13.76,False,regain,True
286,15097,1,66448,66627,180,7.2,44:17,44:25,53.28760049974873,6.833272288014729,56.96875618017606,11.750254488540442,middle_third,left,False,3,1.1,3,0.10239637434111853,9.955555555555556,108,0.5388888888888889,3.5481407390932147,4.146720046866863,0.19444444444444442,0.3041187739463601,turnover,0.48,True,regain,True
287,15099,1,66725,66741,17,0.68,44:29,44:29,57.90328364210596,20.362498371412393,59.03552069198655,20.619877730385568,middle_third,left,False,1,1.0,1,2.5010947484646335,10.0,109,1.0,3.3754818571883596,2.885771014608987,1.0,,turnover,1.12,True,regain_unstable,False
288,15100,0,66742,66761,20,0.8,44:29,44:30,59.25600029022272,23.070072477653667,58.764650239972354,21.981365756724685,middle_third,centre,False,1,0.9,1,1.426319382310892,10.0,215,1.0,-2.4817943127004263,2.976250643764547,0.0,0.3333333333333333,turnover,0.0,True,regain,True
289,15101,1,66764,66839,76,3.04,44:30,44:33,57.65639001800918,20.216870292707718,55.98374726505735,15.02900494354428,middle_third,left,False,1,0.5526315789473685,1,0.7771845806813965,10.0,109,1.0,1.184815096353373,1.949491428099925,0.1578947368421053,0.3269230769230769,turnover,0.08,True,relieved,True
290,15102,0,66891,66927,37,1.48,44:35,44:37,54.387952423226665,17.427804620472003,60.142775167127034,25.12688810172677,middle_third,right,False,1,0.7567567567567568,2,0.5565152175038469,9.972972972972974,205,0.5135135135135135,1.8268494761203464,2.1342224676477413,0.4864864864864865,0.0,turnover,0.64,True,regain,True
291,15103,1,66973,67014,42,1.68,44:38,44:40,57.66076900881098,31.15108868028243,55.240114112833304,43.22349683619614,middle_third,centre,False,1,0.7619047619047619,2,2.1378386073541034,10.0,109,0.7619047619047619,3.3440610443219523,4.300698786447698,0.23809523809523814,0.3148148148148148,turnover,1.8,True,relieved,False
292,15103,1,67090,67188,99,3.96,44:43,44:47,47.30220141068384,66.9319712423358,63.596792248439996,35.41897297300412,middle_third,right,False,1,0.5656565656565656,2,1.429355011074649,9.98989898989899,106,0.5555555555555556,3.3419616238794965,4.253827893765428,0.4444444444444444,0.3148148148148148,turnover,6.48,False,relieved,False
293,15103,1,67287,67322,36,1.44,44:51,44:52,56.15511158726936,16.110238518493254,32.91884058755445,6.418378248428233,middle_third,left,False,2,0.8055555555555556,3,1.9975395257287185,10.0,103,0.4722222222222222,2.521367437551268,4.999548209487775,0.7777777777777778,0.1111111111111111,turnover,14.36,False,regain,True
294,15104,0,67341,67391,51,2.04,44:53,44:55,28.935303695620398,0.9097826093658277,35.643113997550046,15.993830217149098,attacking_third,right,False,1,0.27450980392156865,2,2.2227695069117352,10.0,214,0.4117647058823529,1.5427362434321286,4.752371313777292,1.0,,turnover,0.52,True,relieved,False
295,15190,1,67512,67538,27,1.08,45:00,45:01,22.700729904064744,7.011330682200043,28.386355374573725,10.64308857232838,own_third,left,False,1,1.0,2,0.2307826363346469,10.0,116,1.0,4.276570916004349,5.338718401028048,0.0,0.16746031746031745,restart,0.44,False,regain,True
296,15191,0,67539,67721,183,7.32,45:01,45:08,27.803987093458502,11.24991429601389,59.024354799905176,45.9794372552361,attacking_third,right,False,3,1.185792349726776,4,0.32030392611870057,10.0,219,0.43169398907103823,4.065915931096349,5.358049536922798,0.20765027322404372,0.3778051450465244,turnover,0.0,True,regain,True
297,15192,1,67734,67761,28,1.12,45:09,45:10,57.16459188377685,46.0906351402606,57.72478107798884,44.76608397611122,middle_third,right,False,1,0.39285714285714285,1,2.663188201013359,10.0,106,1.0,1.8870559681448875,1.5905864919848178,0.0,0.1712962962962963,turnover,0.48,True,relieved,False
298,15192,1,67905,67967,63,2.52,45:16,45:18,60.3616944886425,37.850871669946535,56.13510310627474,17.601520467391616,middle_third,centre,False,1,0.9523809523809523,2,1.9182855943590744,10.0,106,0.9841269841269841,3.3825101175452623,4.218621991168777,0.015873015873015928,0.12286324786324787,turnover,7.32,False,relieved,True
299,15192,1,68011,68030,20,0.8,45:20,45:21,28.210569773158248,11.010379223972217,24.829467965896114,16.57513254875555,own_third,left,False,1,1.0,1,0.3911825154976028,10.0,103,1.0,4.040007230624246,4.639883633841602,1.0,,turnover,11.56,False,regain,True
300,15193,0,68045,68061,17,0.68,45:21,45:22,24.505034783989416,23.077060062390508,24.10925749018297,24.4637702379154,attacking_third,centre,False,1,1.0,1,1.5993662447683015,10.0,219,1.0,5.170283514115842,4.410970133082034,0.0,0.16666666666666669,turnover,0.56,True,relieved,False
301,15233,0,68176,68217,42,1.68,45:27,45:28,55.36825848267624,6.508347249663578,58.89586626116245,2.5385682995027645,middle_third,right,False,3,1.9285714285714286,3,0.5503103226448247,10.0,205,0.8333333333333334,3.2493129766390565,3.4778412926863007,0.0,0.3975694444444444,restart,0.0,False,regain,True
302,15234,1,68304,68332,29,1.16,45:32,45:33,80.12442411367688,5.261208542315243,88.81714873457956,9.980156685407401,attacking_third,left,False,1,0.9655172413793104,1,2.318931291749983,10.0,109,1.0,7.811052219978238,8.24064083341753,1.0,,turnover,3.44,True,tracking_break,False
303,15271,1,68381,68465,85,3.4,45:35,45:38,101.07210327100105,23.990993833304685,88.95750889127336,6.3811744859375725,attacking_third,centre,False,1,0.5294117647058824,2,0.5515220206527468,10.0,109,0.5411764705882353,3.0698734593115105,4.508223465846642,0.7411764705882353,0.0,restart,0.48,False,regain,True
304,15296,0,68560,68573,14,0.56,45:42,45:42,73.52497400865401,21.29238223266586,72.31432420833619,25.162034094088956,own_third,right,False,1,1.0,2,0.7663913650491805,9.285714285714286,207,1.0,2.6790731364719504,4.161855775126541,1.0,,turnover,2.32,True,regain,True
305,15297,1,68681,68865,185,7.4,45:47,45:54,48.54907197715252,61.03470670891224,9.925981559782688,56.24809481752898,middle_third,right,False,1,0.3675675675675676,2,1.8400923106485911,9.978378378378379,123,0.9513513513513514,0.9441849830273273,5.183237723223547,0.0,0.23310810810810811,turnover,4.28,True,dead_or_untracked,False
306,16046,1,70017,70043,27,1.08,46:40,46:41,30.472557810339588,46.844215199057714,32.79762812561238,52.2487432535502,own_third,right,False,2,1.2962962962962963,3,0.6068079573178666,9.0,116,1.0,6.401027888129312,6.047833024763933,0.0,0.6238095238095237,turnover,0.28,True,dead_or_untracked,False
