player,pos,main_mark,share_on_main_mark,mean_dist_m,follows_mark_corr,follows_ball_corr,man_oriented,frames,team
ATM 15 Lenglet,DEF-centre,BAR 9 Lewandowski,0.8225691980127751,4.042285424010463,0.9457806097550334,0.7585465826967994,True,1409,ATM
ATM 8 Barrios,MID-centre,BAR 6 Gavi,0.7529976019184652,4.101269302595544,0.9666658261726346,0.7465213007691511,True,1668,ATM
ATM 2 Gimenez,DEF-centre,BAR 9 Lewandowski,0.7510402219140083,4.75819865636413,0.9188829810663344,0.6559280362930677,True,1442,ATM
ATM 5 De Paul,MID-centre,BAR 8 Pedri,0.7107728337236534,4.248673988718527,0.9337842230692532,0.7539888066874992,True,1708,ATM
ATM 14 Llorente,MID-right,BAR 16 Fermin,0.6743243243243243,4.479939437033335,0.9025225607703589,0.7848722177398119,True,740,ATM
ATM 19 Alvarez,FWD-centre,BAR 17 Casado,0.6474538332400671,4.867259374027786,0.9463696223742645,0.7449915299173693,True,1787,ATM
ATM 21 Javi Galan,MID-left,BAR 11 Raphinha,0.6124234470691163,4.544731360611562,0.8758647757644447,0.5246032374777039,True,1143,ATM
ATM 4 Gallagher,FWD-left,BAR 6 Gavi,0.42604006163328195,6.055793199415099,0.9295480752165659,0.6483866020260057,False,1298,ATM
ATM 22 Simeone,FWD-right,BAR 3 Balde,0.41634980988593157,4.478812498709869,0.9437959560997369,0.7511056511160332,False,1052,ATM
ATM 7 Griezmann,FWD-centre,BAR 17 Casado,0.30691056910569103,5.45069230959141,0.9581027945781797,0.7918469555513347,False,1476,ATM
BAR 2 Cubarsi,DEF-centre,ATM 19 Alvarez,0.8277456647398844,4.429321336201993,0.9540475968915746,0.7748781631225571,True,1730,BAR
BAR 23 Kounde,MID-right,ATM 4 Gallagher,0.6185167232186136,4.27997468805832,0.9393545218310648,0.8093028487685239,True,2063,BAR
BAR 3 Balde,MID-left,ATM 22 Simeone,0.6129032258064516,4.695638069698614,0.932603584110715,0.6884263967047342,True,1581,BAR
BAR 5 Inigo,DEF-centre,ATM 7 Griezmann,0.5518617021276596,5.4628846441066194,0.9249841066184192,0.7916326190018026,False,1504,BAR
BAR 6 Gavi,FWD-centre,ATM 8 Barrios,0.5177182368193605,3.825668702907427,0.9704722855276496,0.7149619994435572,False,2314,BAR
BAR 17 Casado,MID-centre,ATM 19 Alvarez,0.4677565849227975,4.5767089295300805,0.9573472549731395,0.7533446495296623,False,2202,BAR
BAR 11 Raphinha,FWD-right,ATM 21 Javi Galan,0.4324184360435008,4.065809517626441,0.9287847136251232,0.6175901772644716,False,1931,BAR
BAR 8 Pedri,FWD-centre,ATM 5 De Paul,0.4286417322834646,4.7689200467202815,0.947454352795343,0.7361903611607099,False,2032,BAR
BAR 9 Lewandowski,FWD-centre,ATM 5 De Paul,0.3145804031879981,4.308152247729706,0.9388901262268611,0.645894035927064,False,2133,BAR
BAR 16 Fermin,FWD-left,ATM 5 De Paul,0.27203893996755,4.788390919536329,0.9621912930111693,0.6620658119103598,False,1849,BAR
